{
    "response": {
        "registdateTo": null,
        "flag": null,
        "totalCount": 0,
        "pageNo": 1,
        "pageSize": 0,
        "reportList": [
            {
                "reportTag": null,
                "thumnail": null,
                "docType": null,
                "stockname": null,
                "youtubeSeq": null,
                "tp": null,
                "vod": null,
                "analystNm": "리서치본부",
                "pCategoryid": null,
                "docSubDetail": null,
                "stock": null,
                "name": null,
                "docTitle": "2025년 11월 5일 (수): KB 데일리",
                "thumbnailImg": null,
                "stockcode": null,
                "indName": "",
                "vodUrl": null,
                "recommChg": null,
                "vodDate": null,
                "urlLinkH": "https://bit.ly/4nHDJFd",
                "recomm": null,
                "publicDate": "2025-11-05",
                "publicTime": "07:18:38",
                "categoryid": null,
                "rptImgYn": null,
                "docTitleSub": "2025년 11월 5일 (수): KB 데일리",
                "documentid": "20251105071715120K",
                "docDetail2": null,
                "foldertemplate": "자산배분/매크로>KB데일리 > KB데일리>KB데일리",
                "stkCd": null,
                "docDetail": "[자산배분전략]\n- 주식시황: PMR로 보는 대세 상승장의 역사와 현재의 코스피 \n\n[기업분석 & 산업분석]\n- 셀트리온: 미래에 대한 준비를 차곡차곡 진행 중\n- HD한국조선해양: 가장 싼 조선주\n- GS건설: 일회성 없이 안정권에 접어든 주택 이익률\n\n[스몰캡분석]\n- 비에이치: 비용 부담 증가는 아쉽지만, 모바일 호조는 긍정적\n\n[모델 포트폴리오와 추천종목]\n- KB 리서치 모델 포트폴리오 \n- KB WM 액티브: HD현대에너지솔루션, 두산에너빌리티, HD현대일렉트릭, POSCO홀딩스, 엘앤에프 등\n- 대형주: 한국전력, SK하이닉스, LG이노텍, 삼성전자, LS, HD한국조선해양, 두산에너빌리티 등\n- 중소형주: 큐알티, 농우바이오, 케이아이엔엑스, 한글과컴퓨터, 피엔케이피부임상연구센타, 케이카 등\n- 미국주식: 아스테라 랩, 코어위브, 센트러스 에너지, 크레도 테크놀로지, 엔비디아, 마이크론 등\n- 아시아주식: 강소장전테크놀로지, 화하이칭커, 알리바바그룹홀딩스, 바이두그룹\n- KB ETF: 글로벌 & 국내 추천 ETF\n- KB Again BUY KOREA 관련 종목",
                "urlLink": "https://rcv.kbsec.com/streamdocs/pdfview?id=B520190322125512762443&amp;wInfo=(wInfo)&url=aHR0cDovL3JkYXRhLmtic2VjLmNvbS9wZGZfZGF0YS8yMDI1MTEwNTA3MTcxNTEyMEsucGRm"
            },
            {
                "reportTag": null,
                "thumnail": null,
                "docType": null,
                "stockname": null,
                "youtubeSeq": null,
                "tp": null,
                "vod": null,
                "analystNm": "리서치본부",
                "pCategoryid": null,
                "docSubDetail": null,
                "stock": null,
                "name": null,
                "docTitle": "2025년 11월 4일 (화): KB 데일리",
                "thumbnailImg": null,
                "stockcode": null,
                "indName": "",
                "vodUrl": null,
                "recommChg": null,
                "vodDate": null,
                "urlLinkH": "https://bit.ly/47BliMb",
                "recomm": null,
                "publicDate": "2025-11-04",
                "publicTime": "07:29:03",
                "categoryid": null,
                "rptImgYn": null,
                "docTitleSub": "2025년 11월 4일 (화): KB 데일리",
                "documentid": "20251104072739680K",
                "docDetail2": null,
                "foldertemplate": "자산배분/매크로>KB데일리 > KB데일리>KB데일리",
                "stkCd": null,
                "docDetail": "[자산배분전략]\n- 2026년 채권시장 전망: 믿음의 상반기, 의심의 하반기\n- 제2의 대한민국: 한국 자본시장 50년 역사와 대한민국 구조개혁\n\n[기업분석 & 산업분석]\n- 팬오션: BDI와 괴리된 시황\n- SK가스: 신규 발전소의 높은 수익성 확인\n- S-Oil: 주도주가 아닐 뿐, 시황은 역대급\n- HD현대: 3분기 실적 속보: 빈틈 없는 사업 포트폴리오\n- 종근당: 실적은 안정적으로, R&D도 꾸준히 진행 중\n- 제일기획: 계열과 비계열 모두 개선세\n- 원전: 40년 만의 원전 슈퍼사이클 부활\n- 자동차: 현대차그룹 10월 판매 속보\n\n[모델 포트폴리오와 추천종목]\n- KB 리서치 모델 포트폴리오 \n- KB WM 액티브: HD현대에너지솔루션, 두산에너빌리티, HD현대일렉트릭, POSCO홀딩스, 엘앤에프 등\n- 대형주: 한국전력, SK하이닉스, LG이노텍, 삼성전자, LS, HD한국조선해양, 두산에너빌리티 등\n- 중소형주: 큐알티, 농우바이오, 케이아이엔엑스, 한글과컴퓨터, 피엔케이피부임상연구센타, 케이카 등\n- 미국주식: 아스테라 랩, 코어위브, 센트러스 에너지, 크레도 테크놀로지, 엔비디아, 마이크론 등\n- 아시아주식: 강소장전테크놀로지, 화하이칭커, 알리바바그룹홀딩스, 바이두그룹\n- KB ETF: 글로벌 & 국내 추천 ETF\n- KB Again BUY KOREA 관련 종목",
                "urlLink": "https://rcv.kbsec.com/streamdocs/pdfview?id=B520190322125512762443&amp;wInfo=(wInfo)&url=aHR0cDovL3JkYXRhLmtic2VjLmNvbS9wZGZfZGF0YS8yMDI1MTEwNDA3MjczOTY4MEsucGRm"
            },
            {
                "reportTag": null,
                "thumnail": null,
                "docType": null,
                "stockname": null,
                "youtubeSeq": null,
                "tp": null,
                "vod": null,
                "analystNm": "리서치본부",
                "pCategoryid": null,
                "docSubDetail": null,
                "stock": null,
                "name": null,
                "docTitle": "2025년 11월 3일 (월): KB 데일리",
                "thumbnailImg": null,
                "stockcode": null,
                "indName": "",
                "vodUrl": null,
                "recommChg": null,
                "vodDate": null,
                "urlLinkH": "https://bit.ly/3LkMEib",
                "recomm": null,
                "publicDate": "2025-11-03",
                "publicTime": "07:26:32",
                "categoryid": null,
                "rptImgYn": null,
                "docTitleSub": "2025년 11월 3일 (월): KB 데일리",
                "documentid": "20251103072502727K",
                "docDetail2": null,
                "foldertemplate": "자산배분/매크로>KB데일리 > KB데일리>KB데일리",
                "stkCd": null,
                "docDetail": "[자산배분전략]\n- 2026년 경제 전망: 소수의 경제 (Inner Circle Economy)\n- 11월 아시아주식 투자전략: AI 버블 우려에도, 결국은 AI\n\n[기업분석 & 산업분석]\n- Global ESG Brief: 43조 달러 NZAM의 선택 - 기후금융 양극화\n- 삼성에스디에스: 삼성-엔비디아 AI 팩토리 협력, 삼성SDS의 신규 사업 기회 창출 \n- HL만도: 한국 매출액 비중 상승에 영업이익률 기대 상회\n- SK이노베이션: 정유 시황 강세 & 배터리도 최악은 아닌\n- 현대건설: 실적보다 원전. 결국 시간은 우리 편이다\n- 삼성전기: 10/31 주가 급등 코멘트 - 두 가지 강력한 호재\n- SK아이이테크놀로지: 실적 반등 여부는 ESS에 달렸다\n- 풍산: 대구경만 좋고 나머지 안좋음\n- 자동차: Nvidia와의 협업, 가시적 성과 날 수 있는 분야에 초점\n\n[모델 포트폴리오와 추천종목]\n- KB 리서치 모델 포트폴리오 \n- KB WM 액티브: HD현대에너지솔루션, 두산에너빌리티, HD현대일렉트릭, POSCO홀딩스, 엘앤에프 등\n- 대형주: 한국전력, SK하이닉스, LG이노텍, 삼성전자, LS, HD한국조선해양, 두산에너빌리티 등\n- 중소형주: 큐알티, 농우바이오, 케이아이엔엑스, 한글과컴퓨터, 피엔케이피부임상연구센타, 케이카 등\n- 미국주식: 아스테라 랩, 코어위브, 센트러스 에너지, 크레도 테크놀로지, 엔비디아, 마이크론 등\n- 아시아주식: 강소장전테크놀로지, 화하이칭커, 알리바바그룹홀딩스, 바이두그룹\n- KB ETF: 글로벌 & 국내 추천 ETF\n- KB Again BUY KOREA 관련 종목",
                "urlLink": "https://rcv.kbsec.com/streamdocs/pdfview?id=B520190322125512762443&amp;wInfo=(wInfo)&url=aHR0cDovL3JkYXRhLmtic2VjLmNvbS9wZGZfZGF0YS8yMDI1MTEwMzA3MjUwMjcyN0sucGRm"
            },
            {
                "reportTag": null,
                "thumnail": null,
                "docType": null,
                "stockname": null,
                "youtubeSeq": null,
                "tp": null,
                "vod": null,
                "analystNm": "리서치본부",
                "pCategoryid": null,
                "docSubDetail": null,
                "stock": null,
                "name": null,
                "docTitle": "2025년 10월 31일 (금): KB 데일리",
                "thumbnailImg": null,
                "stockcode": null,
                "indName": "",
                "vodUrl": null,
                "recommChg": null,
                "vodDate": null,
                "urlLinkH": "https://bit.ly/47PrlOv",
                "recomm": null,
                "publicDate": "2025-10-31",
                "publicTime": "07:30:05",
                "categoryid": null,
                "rptImgYn": null,
                "docTitleSub": "2025년 10월 31일 (금): KB 데일리",
                "documentid": "20251031072833863K",
                "docDetail2": null,
                "foldertemplate": "자산배분/매크로>KB데일리 > KB데일리>KB데일리",
                "stkCd": null,
                "docDetail": "[자산배분전략]\n- 다이아 KB Brief: 디지털자산 ETF 2.0 본격 도래\n\n[기업분석 & 산업분석]\n- 현대차: 특이사항 두 개 - 큰 폭의 비용 절감과, 예상 밖 환율 손실\n- 현대글로비스: 실적 이상 없음. 연간 영업이익 전망치 소폭 상향\n- 삼성에스디에스: 가시화 되는 AI 중심 성장\n- 키움증권: 주식시장 강세가 Brokerage와 Trading 손익으로 연결\n- NH투자증권: 연결펀드 평가이익 기여도 확대, 기대치를 상회하는 이익\n- 삼성E&A: Welcome Back to the U.S., Samsung E&A!\n- 한미약품: 실적회복 기대 + 비만/MASH 1타2피\n\n[스몰캡분석]\n- 슈프리마 (Not Rated): 이보다 저렴할 수 없다\n\n[모델 포트폴리오와 추천종목]\n- KB 리서치 모델 포트폴리오 \n- KB WM 액티브: HD현대에너지솔루션, 두산에너빌리티, HD현대일렉트릭, POSCO홀딩스, 엘앤에프 등\n- 대형주: 한국전력, SK하이닉스, LG이노텍, 삼성전자, LS, HD한국조선해양, 두산에너빌리티 등\n- 중소형주: 큐알티, 농우바이오, 케이아이엔엑스, 한글과컴퓨터, 피엔케이피부임상연구센타, 케이카 등\n- 미국주식: 아스테라 랩, 코어위브, 센트러스 에너지, 크레도 테크놀로지, 엔비디아, 마이크론 등\n- 아시아주식: 강소장전테크놀로지, 화하이칭커, 알리바바그룹홀딩스, 바이두그룹\n- KB ETF: 글로벌 & 국내 추천 ETF\n- KB Again BUY KOREA 관련 종목",
                "urlLink": "https://rcv.kbsec.com/streamdocs/pdfview?id=B520190322125512762443&amp;wInfo=(wInfo)&url=aHR0cDovL3JkYXRhLmtic2VjLmNvbS9wZGZfZGF0YS8yMDI1MTAzMTA3MjgzMzg2M0sucGRm"
            },
            {
                "reportTag": null,
                "thumnail": null,
                "docType": null,
                "stockname": null,
                "youtubeSeq": null,
                "tp": null,
                "vod": null,
                "analystNm": "리서치본부",
                "pCategoryid": null,
                "docSubDetail": null,
                "stock": null,
                "name": null,
                "docTitle": "2025년 10월 30일 (목): KB 데일리",
                "thumbnailImg": null,
                "stockcode": null,
                "indName": "",
                "vodUrl": null,
                "recommChg": null,
                "vodDate": null,
                "urlLinkH": "https://bit.ly/4p3LZR1",
                "recomm": null,
                "publicDate": "2025-10-30",
                "publicTime": "07:39:49",
                "categoryid": null,
                "rptImgYn": null,
                "docTitleSub": "2025년 10월 30일 (목): KB 데일리",
                "documentid": "20251030073826120K",
                "docDetail2": null,
                "foldertemplate": "자산배분/매크로>KB데일리 > KB데일리>KB데일리",
                "stkCd": null,
                "docDetail": "[자산배분전략]\n- FOMC: 데이터를 알 수 없는 만큼 일단은 조심하겠다는 연준\n\n[기업분석 & 산업분석]\n- 우리금융지주: 대규모 염가매수차익 시현과 안정적 CET1 관리\n- 삼성전기: 실적으로 입증되고 있는 AI 효과\n- 엘앤에프: ESS의 Must-have Item\n- 한온시스템: 관세 95% 전가, 다른 부품사도 할 수 있을까?\n- 헥토파이낸셜: 서클 '아크' 전용 블록체인 ARC 파트너사 편입\n- 자동차: 한미 관세협상 최종 타결. 부품사에게 관심을\n\n[모델 포트폴리오와 추천종목]\n- KB 리서치 모델 포트폴리오 \n- KB WM 액티브: HD현대에너지솔루션, 두산에너빌리티, HD현대일렉트릭, POSCO홀딩스, 엘앤에프 등\n- 대형주: 한국전력, SK하이닉스, LG이노텍, 삼성전자, LS, HD한국조선해양, 두산에너빌리티 등\n- 중소형주: 큐알티, 농우바이오, 케이아이엔엑스, 한글과컴퓨터, 피엔케이피부임상연구센타, 케이카 등\n- 미국주식: 아스테라 랩, 코어위브, 센트러스 에너지, 크레도 테크놀로지, 엔비디아, 마이크론 등\n- 아시아주식: 강소장전테크놀로지, 화하이칭커, 알리바바그룹홀딩스, 바이두그룹\n- KB ETF: 글로벌 & 국내 추천 ETF\n- KB Again BUY KOREA 관련 종목",
                "urlLink": "https://rcv.kbsec.com/streamdocs/pdfview?id=B520190322125512762443&amp;wInfo=(wInfo)&url=aHR0cDovL3JkYXRhLmtic2VjLmNvbS9wZGZfZGF0YS8yMDI1MTAzMDA3MzgyNjEyMEsucGRm"
            },
            {
                "reportTag": null,
                "thumnail": null,
                "docType": null,
                "stockname": null,
                "youtubeSeq": null,
                "tp": null,
                "vod": null,
                "analystNm": "리서치본부",
                "pCategoryid": null,
                "docSubDetail": null,
                "stock": null,
                "name": null,
                "docTitle": "2025년 10월 29일 (수): KB 데일리",
                "thumbnailImg": null,
                "stockcode": null,
                "indName": "",
                "vodUrl": null,
                "recommChg": null,
                "vodDate": null,
                "urlLinkH": "https://bit.ly/4qy76Mw",
                "recomm": null,
                "publicDate": "2025-10-29",
                "publicTime": "07:31:01",
                "categoryid": null,
                "rptImgYn": null,
                "docTitleSub": "2025년 10월 29일 (수): KB 데일리",
                "documentid": "20251029072926493K",
                "docDetail2": null,
                "foldertemplate": "자산배분/매크로>KB데일리 > KB데일리>KB데일리",
                "stkCd": null,
                "docDetail": "[자산배분전략]\n- 2026년 주식전략: 매튜 이펙트 - 노력하는 자는 더 풍족해지리라\n- 2026년 Quant 전망: 돈을 써야 돈을 번다\n\n[기업분석 & 산업분석]\n- 삼성바이오로직스: 인적분할 전 아름다운 실적\n- 신한지주: 대출 성장에도 NIM과 CET1의 안정적 관리 확인\n- 하나금융지주: 은행 자회사의 호실적을 바탕으로 컨센서스 상회\n- 삼성SDI: ESS 총력전\n- LS에코에너지: 3Q25 Review - 관세 부담에도 이익 방어 성공\n\n[해외주식분석]\n- 알파벳 (GOOGL US): 구글도 죽은 원전 살려낸다, 전력 수요 증가 예상\n\n[모델 포트폴리오와 추천종목]\n- KB 리서치 모델 포트폴리오 \n- KB WM 액티브: HD현대에너지솔루션, 두산에너빌리티, HD현대일렉트릭, POSCO홀딩스, 엘앤에프 등\n- 대형주: SK하이닉스, LG이노텍, 삼성전자, LS, 하나금융지주, HD한국조선해양, 두산에너빌리티 등\n- 중소형주: 큐알티, 농우바이오, 케이아이엔엑스, 한글과컴퓨터, 피엔케이피부임상연구센타, 케이카 등\n- 미국주식: 아스테라 랩, 코어위브, 센트러스 에너지, 크레도 테크놀로지, 엔비디아, 마이크론 등\n- 아시아주식: 강소장전테크놀로지, 화하이칭커, 알리바바그룹홀딩스, 바이두그룹\n- KB ETF: 글로벌 & 국내 추천 ETF\n- KB Again BUY KOREA 관련 종목",
                "urlLink": "https://rcv.kbsec.com/streamdocs/pdfview?id=B520190322125512762443&amp;wInfo=(wInfo)&url=aHR0cDovL3JkYXRhLmtic2VjLmNvbS9wZGZfZGF0YS8yMDI1MTAyOTA3MjkyNjQ5M0sucGRm"
            },
            {
                "reportTag": null,
                "thumnail": null,
                "docType": null,
                "stockname": null,
                "youtubeSeq": null,
                "tp": null,
                "vod": null,
                "analystNm": "리서치본부",
                "pCategoryid": null,
                "docSubDetail": null,
                "stock": null,
                "name": null,
                "docTitle": "2025년 10월 28일 (화): KB 데일리",
                "thumbnailImg": null,
                "stockcode": null,
                "indName": "",
                "vodUrl": null,
                "recommChg": null,
                "vodDate": null,
                "urlLinkH": "https://bit.ly/42Zet5G",
                "recomm": null,
                "publicDate": "2025-10-28",
                "publicTime": "07:38:14",
                "categoryid": null,
                "rptImgYn": null,
                "docTitleSub": "2025년 10월 28일 (화): KB 데일리",
                "documentid": "20251028073635380K",
                "docDetail2": null,
                "foldertemplate": "자산배분/매크로>KB데일리 > KB데일리>KB데일리",
                "stkCd": null,
                "docDetail": "[자산배분전략]\n- KB Core View: Reverse 2022, Everything is Good\n\n[기업분석 & 산업분석]\n- 포스코퓨처엠: 컨센서스를 크게 상회한 실적\n- 한미약품: K-비만 1호 신약의 잠재력을 보여준 에페글레나타이드 데이터\n- 포스코인터내셔널: 본업은 실적을, 신사업은 미래를 \n- RFHIC: 지속된 호실적, 더 좋을 4분기\n- [스몰캡 테마] 전선: 3조원 바닷길이 열린다\n       - 대한전선: 해저케이블 대전환, 열리는 상방\n\n[해외주식분석]\n- 램 리서치 (LRCX US): AI 수요 확대로 강화되는 성장 모멘텀, ‘운용 비중 확대’ 유지\n- KB China Theme: 중국 신소비 산업 점검하기\n\n[모델 포트폴리오와 추천종목]\n- KB 리서치 모델 포트폴리오 \n- KB WM 액티브: 두산에너빌리티, HD현대일렉트릭, POSCO홀딩스, 이녹스첨단소재, 엘앤에프 등\n- 대형주: SK하이닉스, LG이노텍, 삼성전자, LS, 하나금융지주, HD한국조선해양, 두산에너빌리티 등\n- 중소형주: 큐알티, 농우바이오, 케이아이엔엑스, 한글과컴퓨터, 피엔케이피부임상연구센타, 케이카 등\n- 미국주식: 아스테라 랩, 코어위브, 센트러스 에너지, 크레도 테크놀로지, 엔비디아, 마이크론 등\n- 아시아주식: 강소장전테크놀로지, 화하이칭커, 알리바바그룹홀딩스, 바이두그룹\n- KB ETF: 글로벌 & 국내 추천 ETF\n- KB Again BUY KOREA 관련 종목",
                "urlLink": "https://rcv.kbsec.com/streamdocs/pdfview?id=B520190322125512762443&amp;wInfo=(wInfo)&url=aHR0cDovL3JkYXRhLmtic2VjLmNvbS9wZGZfZGF0YS8yMDI1MTAyODA3MzYzNTM4MEsucGRm"
            },
            {
                "reportTag": null,
                "thumnail": null,
                "docType": null,
                "stockname": null,
                "youtubeSeq": null,
                "tp": null,
                "vod": null,
                "analystNm": "리서치본부",
                "pCategoryid": null,
                "docSubDetail": null,
                "stock": null,
                "name": null,
                "docTitle": "2025년 10월 27일 (월): KB 데일리",
                "thumbnailImg": null,
                "stockcode": null,
                "indName": "",
                "vodUrl": null,
                "recommChg": null,
                "vodDate": null,
                "urlLinkH": "https://bit.ly/4qpj6Ad",
                "recomm": null,
                "publicDate": "2025-10-27",
                "publicTime": "07:35:24",
                "categoryid": null,
                "rptImgYn": null,
                "docTitleSub": "2025년 10월 27일 (월): KB 데일리",
                "documentid": "20251027073255493K",
                "docDetail2": null,
                "foldertemplate": "자산배분/매크로>KB데일리 > KB데일리>KB데일리",
                "stkCd": null,
                "docDetail": "[자산배분전략]\n- 일본경제: 사나에노믹스 시작, 재정우위 기조 강화 \n- 유로존경제: 경기 회복의 발목을 잡는 무역 불확실성 \n\n[기업분석 & 산업분석]\n- ESG: 메탄 감시 확대와 그린스틸 시장의 전환점 \n- ESG: 통신서비스 - 개인정보 보호와 에너지 이슈, 통신업종의 퍼펙트 스톰\n- 원전: Make American Nuclear Great Again (2) \n- 현대건설: '미국' '원전' '4기' FEED 계약. 저 원전 대표예요.\n\n[해외주식분석]\n- 중국 Tech: 알리바바 쿼크 글래스 판매 시작, 中 AI글래스 시장 개화 신호탄 \n\n[모델 포트폴리오와 추천종목]\n- KB 리서치 모델 포트폴리오 \n- KB WM 액티브: 두산에너빌리티, HD현대일렉트릭, POSCO홀딩스, 이녹스첨단소재, 엘앤에프 등\n- 대형주: SK하이닉스, LG이노텍, 삼성전자, LS, 하나금융지주, HD한국조선해양, 두산에너빌리티 등\n- 중소형주: 큐알티, 농우바이오, 케이아이엔엑스, 한글과컴퓨터, 피엔케이피부임상연구센타, 케이카 등\n- 미국주식: 아스테라 랩, 코어위브, 센트러스 에너지, 크레도 테크놀로지, 엔비디아, 마이크론 등\n- 아시아주식: 강소장전테크놀로지, 화하이칭커, 알리바바그룹홀딩스, 바이두그룹\n- KB ETF: 글로벌 & 국내 추천 ETF\n- KB Again BUY KOREA 관련 종목\n",
                "urlLink": "https://rcv.kbsec.com/streamdocs/pdfview?id=B520190322125512762443&amp;wInfo=(wInfo)&url=aHR0cDovL3JkYXRhLmtic2VjLmNvbS9wZGZfZGF0YS8yMDI1MTAyNzA3MzI1NTQ5M0sucGRm"
            },
            {
                "reportTag": null,
                "thumnail": null,
                "docType": null,
                "stockname": null,
                "youtubeSeq": null,
                "tp": null,
                "vod": null,
                "analystNm": "리서치본부",
                "pCategoryid": null,
                "docSubDetail": null,
                "stock": null,
                "name": null,
                "docTitle": "2025년 10월 24일 (금): KB 데일리",
                "thumbnailImg": null,
                "stockcode": null,
                "indName": "",
                "vodUrl": null,
                "recommChg": null,
                "vodDate": null,
                "urlLinkH": "https://bit.ly/3Ja5wjj",
                "recomm": null,
                "publicDate": "2025-10-24",
                "publicTime": "07:24:04",
                "categoryid": null,
                "rptImgYn": null,
                "docTitleSub": "2025년 10월 24일 (금): KB 데일리",
                "documentid": "20251024072226107K",
                "docDetail2": null,
                "foldertemplate": "자산배분/매크로>KB데일리 > KB데일리>KB데일리",
                "stkCd": null,
                "docDetail": "[자산배분전략]\n- 한국채권: 금통위 - 11월까지 동결. 추가 인하는 2026년 상반기\n- 아시아주식: 중국 - 4중전회로 확인한 15차 5개년 계획 청사진, 첨단기술 육성에 올인\n- ETF: 밈 (Meme)이 미는 테마 \n\n[기업분석 & 산업분석]\n- HD현대일렉트릭: 미국과 유럽이 이끄는 수주 증가와 마진 개선\n- 삼성중공업: 예상치 상회한 양호한 3분기 실적\n\n[스몰캡분석]\n- 한솔아이원스: 3Q25 Review - 영업이익 99.9% 성장 \n\n[모델 포트폴리오와 추천종목]\n- KB 리서치 모델 포트폴리오 \n- KB WM 액티브: 두산에너빌리티, HD현대일렉트릭, POSCO홀딩스, 이녹스첨단소재, 엘앤에프 등\n- 대형주: SK하이닉스, LG이노텍, 삼성전자, LS, 하나금융지주, HD한국조선해양, 두산에너빌리티 등\n- 중소형주: 큐알티, 농우바이오, 케이아이엔엑스, 한글과컴퓨터, 피엔케이피부임상연구센타, 케이카 등\n- 미국주식: 아스테라 랩, 코어위브, 센트러스 에너지, 크레도 테크놀로지, 엔비디아, 마이크론 등\n- 아시아주식: 강소장전테크놀로지, 화하이칭커, 알리바바그룹홀딩스, 바이두그룹\n- KB ETF: 글로벌 & 국내 추천 ETF\n- KB Again BUY KOREA 관련 종목",
                "urlLink": "https://rcv.kbsec.com/streamdocs/pdfview?id=B520190322125512762443&amp;wInfo=(wInfo)&url=aHR0cDovL3JkYXRhLmtic2VjLmNvbS9wZGZfZGF0YS8yMDI1MTAyNDA3MjIyNjEwN0sucGRm"
            },
            {
                "reportTag": null,
                "thumnail": null,
                "docType": null,
                "stockname": null,
                "youtubeSeq": null,
                "tp": null,
                "vod": null,
                "analystNm": "리서치본부",
                "pCategoryid": null,
                "docSubDetail": null,
                "stock": null,
                "name": null,
                "docTitle": "2025년 10월 23일 (목): KB 데일리",
                "thumbnailImg": null,
                "stockcode": null,
                "indName": "",
                "vodUrl": null,
                "recommChg": null,
                "vodDate": null,
                "urlLinkH": "https://bit.ly/42Vu0n7",
                "recomm": null,
                "publicDate": "2025-10-23",
                "publicTime": "07:32:18",
                "categoryid": null,
                "rptImgYn": null,
                "docTitleSub": "2025년 10월 23일 (목): KB 데일리",
                "documentid": "20251023073041500K",
                "docDetail2": null,
                "foldertemplate": "자산배분/매크로>KB데일리 > KB데일리>KB데일리",
                "stkCd": null,
                "docDetail": "[자산배분전략]\n- [2026 전망] 미국주식: 흔들리며 피는 꽃 \n- [2026 전망] 인도주식: 소비부양책과 해외 자금의 콜라보 (Feat. 인도 출장기)\n\n[기업분석 & 산업분석]\n- 삼성전자: XR, 미래를 향한 전략적 포석\n- LS ELECTRIC: 앞으로 더 기대되는 수주\n\n[모델 포트폴리오와 추천종목]\n- KB 리서치 모델 포트폴리오 \n- KB WM 액티브: 두산에너빌리티, HD현대일렉트릭, POSCO홀딩스, 이녹스첨단소재, 엘앤에프 등\n- 대형주: SK하이닉스, LG이노텍, 삼성전자, LS, 하나금융지주, HD한국조선해양, 두산에너빌리티 등\n- 중소형주: 큐알티, 농우바이오, 케이아이엔엑스, 한글과컴퓨터, 피엔케이피부임상연구센타, 케이카 등\n- 미국주식: 아스테라 랩, 코어위브, 센트러스 에너지, 크레도 테크놀로지, 엔비디아, 마이크론 등\n- 아시아주식: 강소장전테크놀로지, 화하이칭커, 알리바바그룹홀딩스, 바이두그룹\n- KB ETF: 글로벌 & 국내 추천 ETF\n- KB Again BUY KOREA 관련 종목",
                "urlLink": "https://rcv.kbsec.com/streamdocs/pdfview?id=B520190322125512762443&amp;wInfo=(wInfo)&url=aHR0cDovL3JkYXRhLmtic2VjLmNvbS9wZGZfZGF0YS8yMDI1MTAyMzA3MzA0MTUwMEsucGRm"
            }
        ],
        "registdateFrom": null
    },
    "message": "OK",
    "status": "200"
}