{
    "response": {
        "clsf": "22",
        "chartUrl": null,
        "dataCnt": "4",
        "record1": [
            {
                "krxNm": "뉴욕상품거래소(COM)",
                "nowPrc": "4014.00",
                "dt": "20251103",
                "opnPrc": "4001.00",
                "cmprr": "0.44",
                "lwPrc": "3971.30",
                "isNm": "금",
                "vlm": "0",
                "ttm": "      ",
                "cmpr": "17.50",
                "hghPrc": "4043.10",
                "cd": "COM@GC"
            },
            {
                "krxNm": "뉴욕상품거래소(COM)",
                "nowPrc": "48.05",
                "dt": "20251103",
                "opnPrc": "48.25",
                "cmprr": "-0.23",
                "lwPrc": "47.76",
                "isNm": "은",
                "vlm": "0",
                "ttm": "      ",
                "cmpr": "-0.11",
                "hghPrc": "48.84",
                "cd": "COM@SI"
            },
            {
                "krxNm": "뉴욕상업거래소(NYM)",
                "nowPrc": "1420.50",
                "dt": "20251104",
                "opnPrc": "1468.00",
                "cmprr": "-2.36",
                "lwPrc": "1407.50",
                "isNm": "팔라듐 2025-12",
                "vlm": "5131",
                "ttm": "      ",
                "cmpr": "-34.40",
                "hghPrc": "1468.00",
                "cd": "NYM@PA"
            },
            {
                "krxNm": "뉴욕상업거래소(NYM)",
                "nowPrc": "1550.70",
                "dt": "20251104",
                "opnPrc": "1578.50",
                "cmprr": "-1.94",
                "lwPrc": "1533.00",
                "isNm": "백금",
                "vlm": "17714",
                "ttm": "      ",
                "cmpr": "-30.70",
                "hghPrc": "1581.50",
                "cd": "NYM@PL"
            }
        ]
    },
    "message": "OK",
    "status": "200"
}