{
    "response": {
        "clsf": "21",
        "chartUrl": "/chartImgFiles/202511/chart_NYM@CL_3_20251105135940680.png",
        "dataCnt": "3",
        "record1": [
            {
                "krxNm": "뉴욕상업거래소(NYM)",
                "nowPrc": "60.56",
                "dt": "20251104",
                "opnPrc": "61.03",
                "cmprr": "-0.80",
                "lwPrc": "59.94",
                "isNm": "WTI",
                "vlm": "193610",
                "ttm": "      ",
                "cmpr": "-0.49",
                "hghPrc": "61.03",
                "cd": "NYM@CL"
            },
            {
                "krxNm": "국제석유거래소(IPE)",
                "nowPrc": "64.44",
                "dt": "20251104",
                "opnPrc": "64.73",
                "cmprr": "-0.69",
                "lwPrc": "63.82",
                "isNm": "브렌트유",
                "vlm": "307105",
                "ttm": "      ",
                "cmpr": "-0.45",
                "hghPrc": "64.80",
                "cd": "IPE@EB"
            },
            {
                "krxNm": "현물(SPT)",
                "nowPrc": "65.37",
                "dt": "20251104",
                "opnPrc": "65.37",
                "cmprr": "-1.98",
                "lwPrc": "65.37",
                "isNm": "두바이유 현물",
                "vlm": "0",
                "ttm": "      ",
                "cmpr": "-1.32",
                "hghPrc": "65.37",
                "cd": "SPT@DU"
            }
        ]
    },
    "message": "OK",
    "status": "200"
}