{
    "response": {
        "chartUrl": null,
        "strt_date": "20251005",
        "end_date": "20251105",
        "lngth": "03059",
        "clsfP": "SC",
        "nxtKey": "        ",
        "record1": [
            {
                "amt1": "257",
                "dt": "20251104",
                "amt3": "308",
                "amt2": "273",
                "gnlIndx": "4121.74",
                "amt4": "288",
                "bdyRt3": "0",
                "bdyRt4": "0",
                "bdyRt1": "1",
                "bdyRt2": "-1",
                "upDwnR": "-2.37",
                "upDwnGap": "-100.13"
            },
            {
                "amt1": "256",
                "dt": "20251103",
                "amt3": "309",
                "amt2": "274",
                "gnlIndx": "4221.87",
                "amt4": "288",
                "bdyRt3": "3",
                "bdyRt4": "3",
                "bdyRt1": "1",
                "bdyRt2": "3",
                "upDwnR": "2.78",
                "upDwnGap": "114.37"
            },
            {
                "amt1": "255",
                "dt": "20251031",
                "amt3": "306",
                "amt2": "272",
                "gnlIndx": "4107.50",
                "amt4": "286",
                "bdyRt3": "1",
                "bdyRt4": "0",
                "bdyRt1": "-1",
                "bdyRt2": "-2",
                "upDwnR": "0.50",
                "upDwnGap": "20.61"
            },
            {
                "amt1": "256",
                "dt": "20251030",
                "amt3": "305",
                "amt2": "273",
                "gnlIndx": "4086.89",
                "amt4": "286",
                "bdyRt3": "7",
                "bdyRt4": "6",
                "bdyRt1": "1",
                "bdyRt2": "6",
                "upDwnR": "0.14",
                "upDwnGap": "5.74"
            },
            {
                "amt1": "255",
                "dt": "20251029",
                "amt3": "298",
                "amt2": "268",
                "gnlIndx": "4081.15",
                "amt4": "280",
                "bdyRt3": "5",
                "bdyRt4": "5",
                "bdyRt1": "0",
                "bdyRt2": "4",
                "upDwnR": "1.76",
                "upDwnGap": "70.74"
            },
            {
                "amt1": "255",
                "dt": "20251028",
                "amt3": "294",
                "amt2": "263",
                "gnlIndx": "4010.41",
                "amt4": "275",
                "bdyRt3": "-2",
                "bdyRt4": "-1",
                "bdyRt1": "1",
                "bdyRt2": "1",
                "upDwnR": "-0.80",
                "upDwnGap": "-32.42"
            },
            {
                "amt1": "254",
                "dt": "20251027",
                "amt3": "296",
                "amt2": "262",
                "gnlIndx": "4042.83",
                "amt4": "276",
                "bdyRt3": "5",
                "bdyRt4": "4",
                "bdyRt1": "0",
                "bdyRt2": "3",
                "upDwnR": "2.57",
                "upDwnGap": "101.24"
            },
            {
                "amt1": "254",
                "dt": "20251024",
                "amt3": "291",
                "amt2": "259",
                "gnlIndx": "3941.59",
                "amt4": "272",
                "bdyRt3": "0",
                "bdyRt4": "-1",
                "bdyRt1": "0",
                "bdyRt2": "-1",
                "upDwnR": "2.50",
                "upDwnGap": "96.03"
            },
            {
                "amt1": "254",
                "dt": "20251023",
                "amt3": "291",
                "amt2": "261",
                "gnlIndx": "3845.56",
                "amt4": "272",
                "bdyRt3": "4",
                "bdyRt4": "3",
                "bdyRt1": "0",
                "bdyRt2": "3",
                "upDwnR": "-0.98",
                "upDwnGap": "-38.12"
            },
            {
                "amt1": "254",
                "dt": "20251022",
                "amt3": "287",
                "amt2": "257",
                "gnlIndx": "3883.68",
                "amt4": "269",
                "bdyRt3": "-4",
                "bdyRt4": "-2",
                "bdyRt1": "0",
                "bdyRt2": "-3",
                "upDwnR": "1.56",
                "upDwnGap": "59.84"
            },
            {
                "amt1": "254",
                "dt": "20251021",
                "amt3": "290",
                "amt2": "260",
                "gnlIndx": "3823.84",
                "amt4": "271",
                "bdyRt3": "1",
                "bdyRt4": "2",
                "bdyRt1": "0",
                "bdyRt2": "3",
                "upDwnR": "0.24",
                "upDwnGap": "9.15"
            },
            {
                "amt1": "254",
                "dt": "20251020",
                "amt3": "289",
                "amt2": "257",
                "gnlIndx": "3814.69",
                "amt4": "269",
                "bdyRt3": "1",
                "bdyRt4": "2",
                "bdyRt1": "0",
                "bdyRt2": "1",
                "upDwnR": "1.76",
                "upDwnGap": "65.80"
            },
            {
                "amt1": "254",
                "dt": "20251017",
                "amt3": "289",
                "amt2": "256",
                "gnlIndx": "3748.89",
                "amt4": "267",
                "bdyRt3": "-2",
                "bdyRt4": "-2",
                "bdyRt1": "0",
                "bdyRt2": "-1",
                "upDwnR": "0.01",
                "upDwnGap": "0.52"
            },
            {
                "amt1": "254",
                "dt": "20251016",
                "amt3": "291",
                "amt2": "257",
                "gnlIndx": "3748.37",
                "amt4": "268",
                "bdyRt3": "5",
                "bdyRt4": "4",
                "bdyRt1": "0",
                "bdyRt2": "5",
                "upDwnR": "2.49",
                "upDwnGap": "91.09"
            },
            {
                "amt1": "254",
                "dt": "20251015",
                "amt3": "286",
                "amt2": "252",
                "gnlIndx": "3657.28",
                "amt4": "264",
                "bdyRt3": "-2",
                "bdyRt4": "-1",
                "bdyRt1": "0",
                "bdyRt2": "-1",
                "upDwnR": "2.68",
                "upDwnGap": "95.47"
            },
            {
                "amt1": "254",
                "dt": "20251014",
                "amt3": "287",
                "amt2": "253",
                "gnlIndx": "3561.81",
                "amt4": "265",
                "bdyRt3": "-3",
                "bdyRt4": "-3",
                "bdyRt1": "0",
                "bdyRt2": "-2",
                "upDwnR": "-0.63",
                "upDwnGap": "-22.74"
            },
            {
                "amt1": "254",
                "dt": "20251013",
                "amt3": "290",
                "amt2": "255",
                "gnlIndx": "3584.55",
                "amt4": "268",
                "bdyRt3": "-6",
                "bdyRt4": "-5",
                "bdyRt1": "-1",
                "bdyRt2": "-4",
                "upDwnR": "-0.72",
                "upDwnGap": "-26.05"
            },
            {
                "amt1": "255",
                "dt": "20251010",
                "amt3": "296",
                "amt2": "259",
                "gnlIndx": "3610.60",
                "amt4": "273",
                "bdyRt3": "1",
                "bdyRt4": "0",
                "bdyRt1": "0",
                "bdyRt2": "1",
                "upDwnR": "1.73",
                "upDwnGap": "61.39"
            }
        ]
    },
    "message": "OK",
    "status": "200"
}