{
    "response": {
        "nowPrc": "153",
        "dt": "20251105",
        "opnPrc": "154",
        "chartUrl": null,
        "dataCnt": "50",
        "tm": "0550",
        "crncyNm": "엔(100)",
        "lwPrc": "153",
        "record1": [
            {
                "dt": "20251105",
                "krwExchR": "9421000",
                "mm1Bfr": "002",
                "bdyRt": "-0020",
                "usdExchR": "153",
                "mm3Bfr": "004"
            },
            {
                "dt": "20251104",
                "krwExchR": "9393000",
                "mm1Bfr": "002",
                "bdyRt": "-0057",
                "usdExchR": "154",
                "mm3Bfr": "004"
            },
            {
                "dt": "20251103",
                "krwExchR": "9276000",
                "mm1Bfr": "003",
                "bdyRt": "0001",
                "usdExchR": "154",
                "mm3Bfr": "005"
            },
            {
                "dt": "20251031",
                "krwExchR": "9281000",
                "mm1Bfr": "002",
                "bdyRt": "-0014",
                "usdExchR": "154",
                "mm3Bfr": "005"
            },
            {
                "dt": "20251030",
                "krwExchR": "9282000",
                "mm1Bfr": "003",
                "bdyRt": "0145",
                "usdExchR": "154",
                "mm3Bfr": "005"
            },
            {
                "dt": "20251029",
                "krwExchR": "9341000",
                "mm1Bfr": "002",
                "bdyRt": "-0002",
                "usdExchR": "153",
                "mm3Bfr": "004"
            },
            {
                "dt": "20251028",
                "krwExchR": "9416000",
                "mm1Bfr": "001",
                "bdyRt": "-0077",
                "usdExchR": "152",
                "mm3Bfr": "003"
            },
            {
                "dt": "20251027",
                "krwExchR": "9366000",
                "mm1Bfr": "002",
                "bdyRt": "0002",
                "usdExchR": "153",
                "mm3Bfr": "004"
            },
            {
                "dt": "20251026",
                "krwExchR": "9414000",
                "mm1Bfr": "002",
                "bdyRt": "0018",
                "usdExchR": "153",
                "mm3Bfr": "004"
            },
            {
                "dt": "20251024",
                "krwExchR": "9414000",
                "mm1Bfr": "002",
                "bdyRt": "0026",
                "usdExchR": "153",
                "mm3Bfr": "004"
            },
            {
                "dt": "20251023",
                "krwExchR": "9419000",
                "mm1Bfr": "002",
                "bdyRt": "0063",
                "usdExchR": "153",
                "mm3Bfr": "004"
            },
            {
                "dt": "20251022",
                "krwExchR": "9426000",
                "mm1Bfr": "001",
                "bdyRt": "-0006",
                "usdExchR": "152",
                "mm3Bfr": "003"
            },
            {
                "dt": "20251021",
                "krwExchR": "9424000",
                "mm1Bfr": "001",
                "bdyRt": "0119",
                "usdExchR": "152",
                "mm3Bfr": "003"
            },
            {
                "dt": "20251020",
                "krwExchR": "9431000",
                "mm1Bfr": "000",
                "bdyRt": "0009",
                "usdExchR": "151",
                "mm3Bfr": "002"
            },
            {
                "dt": "20251019",
                "krwExchR": "9440000",
                "mm1Bfr": "000",
                "bdyRt": "-0016",
                "usdExchR": "150",
                "mm3Bfr": "002"
            },
            {
                "dt": "20251017",
                "krwExchR": "9440000",
                "mm1Bfr": "000",
                "bdyRt": "0018",
                "usdExchR": "151",
                "mm3Bfr": "002"
            },
            {
                "dt": "20251016",
                "krwExchR": "9423000",
                "mm1Bfr": "000",
                "bdyRt": "-0063",
                "usdExchR": "150",
                "mm3Bfr": "002"
            },
            {
                "dt": "20251015",
                "krwExchR": "9409000",
                "mm1Bfr": "000",
                "bdyRt": "-0072",
                "usdExchR": "151",
                "mm3Bfr": "003"
            },
            {
                "dt": "20251014",
                "krwExchR": "9413000",
                "mm1Bfr": "001",
                "bdyRt": "-0005",
                "usdExchR": "152",
                "mm3Bfr": "003"
            },
            {
                "dt": "20251013",
                "krwExchR": "9368000",
                "mm1Bfr": "001",
                "bdyRt": "0002",
                "usdExchR": "152",
                "mm3Bfr": "004"
            },
            {
                "dt": "20251012",
                "krwExchR": "9456000",
                "mm1Bfr": "001",
                "bdyRt": "0063",
                "usdExchR": "152",
                "mm3Bfr": "003"
            },
            {
                "dt": "20251010",
                "krwExchR": "9456000",
                "mm1Bfr": "001",
                "bdyRt": "-0181",
                "usdExchR": "151",
                "mm3Bfr": "003"
            },
            {
                "dt": "20251009",
                "krwExchR": "9296000",
                "mm1Bfr": "002",
                "bdyRt": "0030",
                "usdExchR": "153",
                "mm3Bfr": "004"
            },
            {
                "dt": "20251008",
                "krwExchR": "9312000",
                "mm1Bfr": "002",
                "bdyRt": "-0003",
                "usdExchR": "153",
                "mm3Bfr": "004"
            },
            {
                "dt": "20251007",
                "krwExchR": "9325000",
                "mm1Bfr": "001",
                "bdyRt": "0164",
                "usdExchR": "152",
                "mm3Bfr": "003"
            },
            {
                "dt": "20251006",
                "krwExchR": "9383000",
                "mm1Bfr": "000",
                "bdyRt": "0288",
                "usdExchR": "150",
                "mm3Bfr": "002"
            },
            {
                "dt": "20251005",
                "krwExchR": "9546000",
                "mm1Bfr": "-001",
                "bdyRt": "0169",
                "usdExchR": "149",
                "mm3Bfr": "001"
            },
            {
                "dt": "20251003",
                "krwExchR": "9546000",
                "mm1Bfr": "-002",
                "bdyRt": "0018",
                "usdExchR": "147",
                "mm3Bfr": "000"
            },
            {
                "dt": "20251002",
                "krwExchR": "9550000",
                "mm1Bfr": "-002",
                "bdyRt": "0020",
                "usdExchR": "147",
                "mm3Bfr": "000"
            },
            {
                "dt": "20251001",
                "krwExchR": "9540000",
                "mm1Bfr": "-002",
                "bdyRt": "-0002",
                "usdExchR": "147",
                "mm3Bfr": "-000"
            },
            {
                "dt": "20250930",
                "krwExchR": "9492000",
                "mm1Bfr": "-002",
                "bdyRt": "0002",
                "usdExchR": "148",
                "mm3Bfr": "001"
            },
            {
                "dt": "20250929",
                "krwExchR": "9424000",
                "mm1Bfr": "-001",
                "bdyRt": "-0004",
                "usdExchR": "149",
                "mm3Bfr": "001"
            },
            {
                "dt": "20250926",
                "krwExchR": "9430000",
                "mm1Bfr": "-001",
                "bdyRt": "-0033",
                "usdExchR": "150",
                "mm3Bfr": "002"
            },
            {
                "dt": "20250925",
                "krwExchR": "9409000",
                "mm1Bfr": "-000",
                "bdyRt": "0094",
                "usdExchR": "150",
                "mm3Bfr": "002"
            },
            {
                "dt": "20250924",
                "krwExchR": "9437000",
                "mm1Bfr": "-001",
                "bdyRt": "-0010",
                "usdExchR": "149",
                "mm3Bfr": "001"
            },
            {
                "dt": "20250923",
                "krwExchR": "9446000",
                "mm1Bfr": "-002",
                "bdyRt": "-0027",
                "usdExchR": "148",
                "mm3Bfr": "000"
            },
            {
                "dt": "20250922",
                "krwExchR": "9419000",
                "mm1Bfr": "-002",
                "bdyRt": "-0009",
                "usdExchR": "148",
                "mm3Bfr": "001"
            },
            {
                "dt": "20250919",
                "krwExchR": "9445000",
                "mm1Bfr": "-002",
                "bdyRt": "0000",
                "usdExchR": "148",
                "mm3Bfr": "001"
            },
            {
                "dt": "20250918",
                "krwExchR": "9382000",
                "mm1Bfr": "-002",
                "bdyRt": "0099",
                "usdExchR": "148",
                "mm3Bfr": "001"
            },
            {
                "dt": "20250917",
                "krwExchR": "9390000",
                "mm1Bfr": "-002",
                "bdyRt": "0048",
                "usdExchR": "147",
                "mm3Bfr": "-000"
            },
            {
                "dt": "20250916",
                "krwExchR": "9417000",
                "mm1Bfr": "-003",
                "bdyRt": "-0086",
                "usdExchR": "146",
                "mm3Bfr": "-000"
            },
            {
                "dt": "20250915",
                "krwExchR": "9399000",
                "mm1Bfr": "-002",
                "bdyRt": "-0031",
                "usdExchR": "147",
                "mm3Bfr": "000"
            },
            {
                "dt": "20250912",
                "krwExchR": "9434000",
                "mm1Bfr": "-002",
                "bdyRt": "0043",
                "usdExchR": "148",
                "mm3Bfr": "000"
            },
            {
                "dt": "20250911",
                "krwExchR": "9439000",
                "mm1Bfr": "-002",
                "bdyRt": "-0004",
                "usdExchR": "147",
                "mm3Bfr": "000"
            },
            {
                "dt": "20250910",
                "krwExchR": "9424000",
                "mm1Bfr": "-002",
                "bdyRt": "0007",
                "usdExchR": "147",
                "mm3Bfr": "000"
            },
            {
                "dt": "20250909",
                "krwExchR": "9425000",
                "mm1Bfr": "-002",
                "bdyRt": "-0015",
                "usdExchR": "147",
                "mm3Bfr": "000"
            },
            {
                "dt": "20250908",
                "krwExchR": "9393000",
                "mm1Bfr": "-002",
                "bdyRt": "0006",
                "usdExchR": "148",
                "mm3Bfr": "000"
            },
            {
                "dt": "20250905",
                "krwExchR": "9407000",
                "mm1Bfr": "-002",
                "bdyRt": "-0109",
                "usdExchR": "147",
                "mm3Bfr": "000"
            },
            {
                "dt": "20250904",
                "krwExchR": "9388000",
                "mm1Bfr": "-001",
                "bdyRt": "0045",
                "usdExchR": "149",
                "mm3Bfr": "001"
            },
            {
                "dt": "20250903",
                "krwExchR": "9389000",
                "mm1Bfr": "-001",
                "bdyRt": "-0023",
                "usdExchR": "148",
                "mm3Bfr": "001"
            }
        ],
        "bdyRt": "-000",
        "ntnNm": "일본",
        "crncyCd": "JPY",
        "hghPrc": "154",
        "upDwnR": "-000"
    },
    "message": "OK",
    "status": "200"
}