{
    "response": {
        "nowPrc": "087",
        "dt": "20251105",
        "opnPrc": "087",
        "chartUrl": null,
        "dataCnt": "50",
        "tm": "0549",
        "crncyNm": "유로",
        "lwPrc": "087",
        "record1": [
            {
                "dt": "20251105",
                "krwExchR": "16620500",
                "mm1Bfr": "192",
                "bdyRt": "-0009",
                "usdExchR": "087",
                "mm3Bfr": "158"
            },
            {
                "dt": "20251104",
                "krwExchR": "16569500",
                "mm1Bfr": "203",
                "bdyRt": "0028",
                "usdExchR": "087",
                "mm3Bfr": "168"
            },
            {
                "dt": "20251103",
                "krwExchR": "16475500",
                "mm1Bfr": "170",
                "bdyRt": "0017",
                "usdExchR": "087",
                "mm3Bfr": "135"
            },
            {
                "dt": "20251031",
                "krwExchR": "16490500",
                "mm1Bfr": "150",
                "bdyRt": "0023",
                "usdExchR": "087",
                "mm3Bfr": "116"
            },
            {
                "dt": "20251030",
                "krwExchR": "16547500",
                "mm1Bfr": "123",
                "bdyRt": "0023",
                "usdExchR": "086",
                "mm3Bfr": "089"
            },
            {
                "dt": "20251029",
                "krwExchR": "16550500",
                "mm1Bfr": "096",
                "bdyRt": "0038",
                "usdExchR": "086",
                "mm3Bfr": "062"
            },
            {
                "dt": "20251028",
                "krwExchR": "16687500",
                "mm1Bfr": "052",
                "bdyRt": "-0006",
                "usdExchR": "086",
                "mm3Bfr": "018"
            },
            {
                "dt": "20251027",
                "krwExchR": "16673500",
                "mm1Bfr": "059",
                "bdyRt": "-0012",
                "usdExchR": "086",
                "mm3Bfr": "025"
            },
            {
                "dt": "20251024",
                "krwExchR": "16735500",
                "mm1Bfr": "073",
                "bdyRt": "-0007",
                "usdExchR": "086",
                "mm3Bfr": "039"
            },
            {
                "dt": "20251023",
                "krwExchR": "16692500",
                "mm1Bfr": "081",
                "bdyRt": "-0007",
                "usdExchR": "086",
                "mm3Bfr": "047"
            },
            {
                "dt": "20251022",
                "krwExchR": "16629500",
                "mm1Bfr": "089",
                "bdyRt": "-0011",
                "usdExchR": "086",
                "mm3Bfr": "055"
            },
            {
                "dt": "20251021",
                "krwExchR": "16608500",
                "mm1Bfr": "102",
                "bdyRt": "0025",
                "usdExchR": "086",
                "mm3Bfr": "068"
            },
            {
                "dt": "20251020",
                "krwExchR": "16550500",
                "mm1Bfr": "073",
                "bdyRt": "0017",
                "usdExchR": "086",
                "mm3Bfr": "039"
            },
            {
                "dt": "20251017",
                "krwExchR": "16567500",
                "mm1Bfr": "053",
                "bdyRt": "0020",
                "usdExchR": "086",
                "mm3Bfr": "019"
            },
            {
                "dt": "20251016",
                "krwExchR": "16568500",
                "mm1Bfr": "029",
                "bdyRt": "-0018",
                "usdExchR": "086",
                "mm3Bfr": "-005"
            },
            {
                "dt": "20251015",
                "krwExchR": "16556500",
                "mm1Bfr": "050",
                "bdyRt": "-0037",
                "usdExchR": "086",
                "mm3Bfr": "016"
            },
            {
                "dt": "20251014",
                "krwExchR": "16586500",
                "mm1Bfr": "094",
                "bdyRt": "-0026",
                "usdExchR": "086",
                "mm3Bfr": "060"
            },
            {
                "dt": "20251013",
                "krwExchR": "16508500",
                "mm1Bfr": "124",
                "bdyRt": "0043",
                "usdExchR": "086",
                "mm3Bfr": "090"
            },
            {
                "dt": "20251010",
                "krwExchR": "16619500",
                "mm1Bfr": "074",
                "bdyRt": "-0051",
                "usdExchR": "086",
                "mm3Bfr": "040"
            },
            {
                "dt": "20251009",
                "krwExchR": "16456500",
                "mm1Bfr": "134",
                "bdyRt": "0052",
                "usdExchR": "087",
                "mm3Bfr": "099"
            },
            {
                "dt": "20251008",
                "krwExchR": "16535500",
                "mm1Bfr": "073",
                "bdyRt": "0018",
                "usdExchR": "086",
                "mm3Bfr": "039"
            },
            {
                "dt": "20251007",
                "krwExchR": "16513500",
                "mm1Bfr": "052",
                "bdyRt": "0044",
                "usdExchR": "086",
                "mm3Bfr": "018"
            },
            {
                "dt": "20251006",
                "krwExchR": "16523500",
                "mm1Bfr": "000",
                "bdyRt": "0020",
                "usdExchR": "085",
                "mm3Bfr": "-034"
            },
            {
                "dt": "20251003",
                "krwExchR": "16529500",
                "mm1Bfr": "-023",
                "bdyRt": "-0012",
                "usdExchR": "085",
                "mm3Bfr": "-057"
            },
            {
                "dt": "20251002",
                "krwExchR": "16476500",
                "mm1Bfr": "-009",
                "bdyRt": "-0003",
                "usdExchR": "085",
                "mm3Bfr": "-043"
            },
            {
                "dt": "20251001",
                "krwExchR": "16460500",
                "mm1Bfr": "-006",
                "bdyRt": "0008",
                "usdExchR": "085",
                "mm3Bfr": "-040"
            },
            {
                "dt": "20250930",
                "krwExchR": "16478500",
                "mm1Bfr": "-015",
                "bdyRt": "-0002",
                "usdExchR": "085",
                "mm3Bfr": "-049"
            },
            {
                "dt": "20250929",
                "krwExchR": "16422500",
                "mm1Bfr": "-013",
                "bdyRt": "-0017",
                "usdExchR": "085",
                "mm3Bfr": "-047"
            },
            {
                "dt": "20250926",
                "krwExchR": "16496500",
                "mm1Bfr": "007",
                "bdyRt": "-0028",
                "usdExchR": "085",
                "mm3Bfr": "-027"
            },
            {
                "dt": "20250925",
                "krwExchR": "16442500",
                "mm1Bfr": "040",
                "bdyRt": "0049",
                "usdExchR": "086",
                "mm3Bfr": "006"
            },
            {
                "dt": "20250924",
                "krwExchR": "16495500",
                "mm1Bfr": "-018",
                "bdyRt": "0060",
                "usdExchR": "085",
                "mm3Bfr": "-051"
            },
            {
                "dt": "20250923",
                "krwExchR": "16478500",
                "mm1Bfr": "-088",
                "bdyRt": "-0009",
                "usdExchR": "085",
                "mm3Bfr": "-121"
            },
            {
                "dt": "20250922",
                "krwExchR": "16422500",
                "mm1Bfr": "-077",
                "bdyRt": "-0045",
                "usdExchR": "085",
                "mm3Bfr": "-111"
            },
            {
                "dt": "20250919",
                "krwExchR": "16417500",
                "mm1Bfr": "-025",
                "bdyRt": "0029",
                "usdExchR": "085",
                "mm3Bfr": "-058"
            },
            {
                "dt": "20250918",
                "krwExchR": "16365500",
                "mm1Bfr": "-059",
                "bdyRt": "0013",
                "usdExchR": "085",
                "mm3Bfr": "-092"
            },
            {
                "dt": "20250917",
                "krwExchR": "16309500",
                "mm1Bfr": "-074",
                "bdyRt": "0031",
                "usdExchR": "085",
                "mm3Bfr": "-107"
            },
            {
                "dt": "20250916",
                "krwExchR": "16365500",
                "mm1Bfr": "-110",
                "bdyRt": "-0057",
                "usdExchR": "084",
                "mm3Bfr": "-144"
            },
            {
                "dt": "20250915",
                "krwExchR": "16295500",
                "mm1Bfr": "-043",
                "bdyRt": "-0026",
                "usdExchR": "085",
                "mm3Bfr": "-077"
            },
            {
                "dt": "20250912",
                "krwExchR": "16347500",
                "mm1Bfr": "-013",
                "bdyRt": "0000",
                "usdExchR": "085",
                "mm3Bfr": "-047"
            },
            {
                "dt": "20250911",
                "krwExchR": "16310500",
                "mm1Bfr": "-013",
                "bdyRt": "-0023",
                "usdExchR": "085",
                "mm3Bfr": "-047"
            },
            {
                "dt": "20250910",
                "krwExchR": "16250500",
                "mm1Bfr": "014",
                "bdyRt": "0008",
                "usdExchR": "085",
                "mm3Bfr": "-020"
            },
            {
                "dt": "20250909",
                "krwExchR": "16270500",
                "mm1Bfr": "005",
                "bdyRt": "0040",
                "usdExchR": "085",
                "mm3Bfr": "-029"
            },
            {
                "dt": "20250908",
                "krwExchR": "16297500",
                "mm1Bfr": "-042",
                "bdyRt": "-0031",
                "usdExchR": "085",
                "mm3Bfr": "-076"
            },
            {
                "dt": "20250905",
                "krwExchR": "16249500",
                "mm1Bfr": "-006",
                "bdyRt": "-0049",
                "usdExchR": "085",
                "mm3Bfr": "-040"
            },
            {
                "dt": "20250904",
                "krwExchR": "16238500",
                "mm1Bfr": "052",
                "bdyRt": "0008",
                "usdExchR": "086",
                "mm3Bfr": "018"
            },
            {
                "dt": "20250903",
                "krwExchR": "16215500",
                "mm1Bfr": "042",
                "bdyRt": "-0018",
                "usdExchR": "086",
                "mm3Bfr": "008"
            },
            {
                "dt": "20250902",
                "krwExchR": "16250500",
                "mm1Bfr": "063",
                "bdyRt": "0049",
                "usdExchR": "086",
                "mm3Bfr": "029"
            },
            {
                "dt": "20250901",
                "krwExchR": "16316500",
                "mm1Bfr": "006",
                "bdyRt": "-0013",
                "usdExchR": "085",
                "mm3Bfr": "-028"
            },
            {
                "dt": "20250829",
                "krwExchR": "16235500",
                "mm1Bfr": "021",
                "bdyRt": "-0006",
                "usdExchR": "086",
                "mm3Bfr": "-013"
            },
            {
                "dt": "20250828",
                "krwExchR": "16167500",
                "mm1Bfr": "028",
                "bdyRt": "-0033",
                "usdExchR": "086",
                "mm3Bfr": "-006"
            }
        ],
        "bdyRt": "-000",
        "ntnNm": "유럽",
        "crncyCd": "EUR",
        "hghPrc": "087",
        "upDwnR": "-010"
    },
    "message": "OK",
    "status": "200"
}