{
    "response": {
        "nowPrc": "144575",
        "dt": "20251105",
        "opnPrc": "144350",
        "chartUrl": null,
        "dataCnt": "50",
        "tm": "1445",
        "crncyNm": "원",
        "lwPrc": "144320",
        "record1": [
            {
                "dt": "20251105",
                "krwExchR": "10000",
                "mm1Bfr": "327",
                "bdyRt": "78500",
                "usdExchR": "144575",
                "mm3Bfr": "467"
            },
            {
                "dt": "20251104",
                "krwExchR": "10000",
                "mm1Bfr": "271",
                "bdyRt": "91000",
                "usdExchR": "143790",
                "mm3Bfr": "411"
            },
            {
                "dt": "20251103",
                "krwExchR": "10000",
                "mm1Bfr": "206",
                "bdyRt": "44000",
                "usdExchR": "142880",
                "mm3Bfr": "345"
            },
            {
                "dt": "20251031",
                "krwExchR": "10000",
                "mm1Bfr": "174",
                "bdyRt": "-21000",
                "usdExchR": "142440",
                "mm3Bfr": "313"
            },
            {
                "dt": "20251030",
                "krwExchR": "10000",
                "mm1Bfr": "189",
                "bdyRt": "-52000",
                "usdExchR": "142650",
                "mm3Bfr": "328"
            },
            {
                "dt": "20251029",
                "krwExchR": "10000",
                "mm1Bfr": "226",
                "bdyRt": "-60000",
                "usdExchR": "143170",
                "mm3Bfr": "366"
            },
            {
                "dt": "20251028",
                "krwExchR": "10000",
                "mm1Bfr": "269",
                "bdyRt": "60000",
                "usdExchR": "143770",
                "mm3Bfr": "409"
            },
            {
                "dt": "20251027",
                "krwExchR": "10000",
                "mm1Bfr": "226",
                "bdyRt": "-54000",
                "usdExchR": "143170",
                "mm3Bfr": "366"
            },
            {
                "dt": "20251024",
                "krwExchR": "10000",
                "mm1Bfr": "265",
                "bdyRt": "-25000",
                "usdExchR": "143710",
                "mm3Bfr": "405"
            },
            {
                "dt": "20251023",
                "krwExchR": "10000",
                "mm1Bfr": "283",
                "bdyRt": "98000",
                "usdExchR": "143960",
                "mm3Bfr": "423"
            },
            {
                "dt": "20251022",
                "krwExchR": "10000",
                "mm1Bfr": "213",
                "bdyRt": "20000",
                "usdExchR": "142980",
                "mm3Bfr": "352"
            },
            {
                "dt": "20251021",
                "krwExchR": "10000",
                "mm1Bfr": "199",
                "bdyRt": "86000",
                "usdExchR": "142780",
                "mm3Bfr": "337"
            },
            {
                "dt": "20251020",
                "krwExchR": "10000",
                "mm1Bfr": "137",
                "bdyRt": "-20000",
                "usdExchR": "141920",
                "mm3Bfr": "275"
            },
            {
                "dt": "20251017",
                "krwExchR": "10000",
                "mm1Bfr": "151",
                "bdyRt": "33000",
                "usdExchR": "142120",
                "mm3Bfr": "290"
            },
            {
                "dt": "20251016",
                "krwExchR": "10000",
                "mm1Bfr": "128",
                "bdyRt": "-34000",
                "usdExchR": "141790",
                "mm3Bfr": "266"
            },
            {
                "dt": "20251015",
                "krwExchR": "10000",
                "mm1Bfr": "152",
                "bdyRt": "-97000",
                "usdExchR": "142130",
                "mm3Bfr": "290"
            },
            {
                "dt": "20251014",
                "krwExchR": "10000",
                "mm1Bfr": "221",
                "bdyRt": "52000",
                "usdExchR": "143100",
                "mm3Bfr": "361"
            },
            {
                "dt": "20251013",
                "krwExchR": "10000",
                "mm1Bfr": "184",
                "bdyRt": "48000",
                "usdExchR": "142580",
                "mm3Bfr": "323"
            },
            {
                "dt": "20251010",
                "krwExchR": "10000",
                "mm1Bfr": "150",
                "bdyRt": "210000",
                "usdExchR": "142100",
                "mm3Bfr": "288"
            },
            {
                "dt": "20251002",
                "krwExchR": "10000",
                "mm1Bfr": "000",
                "bdyRt": "-32000",
                "usdExchR": "140000",
                "mm3Bfr": "136"
            },
            {
                "dt": "20251001",
                "krwExchR": "10000",
                "mm1Bfr": "023",
                "bdyRt": "3000",
                "usdExchR": "140320",
                "mm3Bfr": "159"
            },
            {
                "dt": "20250930",
                "krwExchR": "10000",
                "mm1Bfr": "021",
                "bdyRt": "42000",
                "usdExchR": "140290",
                "mm3Bfr": "157"
            },
            {
                "dt": "20250929",
                "krwExchR": "10000",
                "mm1Bfr": "-009",
                "bdyRt": "-137000",
                "usdExchR": "139870",
                "mm3Bfr": "127"
            },
            {
                "dt": "20250926",
                "krwExchR": "10000",
                "mm1Bfr": "089",
                "bdyRt": "118000",
                "usdExchR": "141240",
                "mm3Bfr": "226"
            },
            {
                "dt": "20250925",
                "krwExchR": "10000",
                "mm1Bfr": "004",
                "bdyRt": "31000",
                "usdExchR": "140060",
                "mm3Bfr": "140"
            },
            {
                "dt": "20250924",
                "krwExchR": "10000",
                "mm1Bfr": "-018",
                "bdyRt": "49000",
                "usdExchR": "139750",
                "mm3Bfr": "118"
            },
            {
                "dt": "20250923",
                "krwExchR": "10000",
                "mm1Bfr": "-053",
                "bdyRt": "0000",
                "usdExchR": "139260",
                "mm3Bfr": "083"
            },
            {
                "dt": "20250922",
                "krwExchR": "10000",
                "mm1Bfr": "-053",
                "bdyRt": "-10000",
                "usdExchR": "139260",
                "mm3Bfr": "083"
            },
            {
                "dt": "20250919",
                "krwExchR": "10000",
                "mm1Bfr": "-046",
                "bdyRt": "58000",
                "usdExchR": "139360",
                "mm3Bfr": "090"
            },
            {
                "dt": "20250918",
                "krwExchR": "10000",
                "mm1Bfr": "-087",
                "bdyRt": "77000",
                "usdExchR": "138780",
                "mm3Bfr": "048"
            },
            {
                "dt": "20250917",
                "krwExchR": "10000",
                "mm1Bfr": "-142",
                "bdyRt": "12000",
                "usdExchR": "138010",
                "mm3Bfr": "-008"
            },
            {
                "dt": "20250916",
                "krwExchR": "10000",
                "mm1Bfr": "-151",
                "bdyRt": "-101000",
                "usdExchR": "137890",
                "mm3Bfr": "-017"
            },
            {
                "dt": "20250915",
                "krwExchR": "10000",
                "mm1Bfr": "-079",
                "bdyRt": "8000",
                "usdExchR": "138900",
                "mm3Bfr": "056"
            },
            {
                "dt": "20250912",
                "krwExchR": "10000",
                "mm1Bfr": "-084",
                "bdyRt": "-36000",
                "usdExchR": "138820",
                "mm3Bfr": "051"
            },
            {
                "dt": "20250911",
                "krwExchR": "10000",
                "mm1Bfr": "-059",
                "bdyRt": "52000",
                "usdExchR": "139180",
                "mm3Bfr": "077"
            },
            {
                "dt": "20250910",
                "krwExchR": "10000",
                "mm1Bfr": "-096",
                "bdyRt": "-13000",
                "usdExchR": "138660",
                "mm3Bfr": "039"
            },
            {
                "dt": "20250909",
                "krwExchR": "10000",
                "mm1Bfr": "-086",
                "bdyRt": "-27000",
                "usdExchR": "138790",
                "mm3Bfr": "049"
            },
            {
                "dt": "20250908",
                "krwExchR": "10000",
                "mm1Bfr": "-067",
                "bdyRt": "-4000",
                "usdExchR": "139060",
                "mm3Bfr": "068"
            },
            {
                "dt": "20250905",
                "krwExchR": "10000",
                "mm1Bfr": "-064",
                "bdyRt": "-15000",
                "usdExchR": "139100",
                "mm3Bfr": "071"
            },
            {
                "dt": "20250904",
                "krwExchR": "10000",
                "mm1Bfr": "-054",
                "bdyRt": "2000",
                "usdExchR": "139250",
                "mm3Bfr": "082"
            },
            {
                "dt": "20250903",
                "krwExchR": "10000",
                "mm1Bfr": "-055",
                "bdyRt": "13000",
                "usdExchR": "139230",
                "mm3Bfr": "080"
            },
            {
                "dt": "20250902",
                "krwExchR": "10000",
                "mm1Bfr": "-064",
                "bdyRt": "-27000",
                "usdExchR": "139100",
                "mm3Bfr": "071"
            },
            {
                "dt": "20250901",
                "krwExchR": "10000",
                "mm1Bfr": "-045",
                "bdyRt": "36000",
                "usdExchR": "139370",
                "mm3Bfr": "091"
            },
            {
                "dt": "20250829",
                "krwExchR": "10000",
                "mm1Bfr": "-071",
                "bdyRt": "25000",
                "usdExchR": "139010",
                "mm3Bfr": "064"
            },
            {
                "dt": "20250828",
                "krwExchR": "10000",
                "mm1Bfr": "-089",
                "bdyRt": "-87000",
                "usdExchR": "138760",
                "mm3Bfr": "046"
            },
            {
                "dt": "20250827",
                "krwExchR": "10000",
                "mm1Bfr": "-026",
                "bdyRt": "5000",
                "usdExchR": "139630",
                "mm3Bfr": "109"
            },
            {
                "dt": "20250826",
                "krwExchR": "10000",
                "mm1Bfr": "-030",
                "bdyRt": "111000",
                "usdExchR": "139580",
                "mm3Bfr": "106"
            },
            {
                "dt": "20250825",
                "krwExchR": "10000",
                "mm1Bfr": "-109",
                "bdyRt": "-85000",
                "usdExchR": "138470",
                "mm3Bfr": "025"
            },
            {
                "dt": "20250822",
                "krwExchR": "10000",
                "mm1Bfr": "-049",
                "bdyRt": "-52000",
                "usdExchR": "139320",
                "mm3Bfr": "087"
            },
            {
                "dt": "20250821",
                "krwExchR": "10000",
                "mm1Bfr": "-011",
                "bdyRt": "0000",
                "usdExchR": "139840",
                "mm3Bfr": "125"
            }
        ],
        "bdyRt": "785",
        "ntnNm": "한국",
        "crncyCd": "KRW",
        "hghPrc": "144950",
        "upDwnR": "055"
    },
    "message": "OK",
    "status": "200"
}