{
    "response": {
        "dataCnt": "38",
        "record1": [
            {
                "nowPrc": "399755",
                "dt": "20251105",
                "opnPrc": "405547",
                "tm": "1336",
                "cmprr": "-301",
                "lwPrc": "386781",
                "indxCd": "KI.001",
                "ntnNm": "한국",
                "indxNm": "KOSPI",
                "vlm": "474284",
                "hghPrc": "405547",
                "cmpr": "-12419"
            },
            {
                "nowPrc": "89878",
                "dt": "20251105",
                "opnPrc": "91928",
                "tm": "1336",
                "cmprr": "-300",
                "lwPrc": "87179",
                "indxCd": "QI.001",
                "ntnNm": "한국",
                "indxNm": "KOSDAQ",
                "vlm": "940371",
                "hghPrc": "91928",
                "cmpr": "-2779"
            },
            {
                "nowPrc": "4708524",
                "dt": "20251104",
                "opnPrc": "4714804",
                "tm": "9999",
                "cmprr": "-053",
                "lwPrc": "4687706",
                "indxCd": "DJI@DJI",
                "ntnNm": "미국",
                "indxNm": "다우 산업",
                "vlm": "504133312",
                "hghPrc": "4727490",
                "cmpr": "-25144"
            },
            {
                "nowPrc": "2334864",
                "dt": "20251104",
                "opnPrc": "2345821",
                "tm": "9999",
                "cmprr": "-204",
                "lwPrc": "2333332",
                "indxCd": "NAS@IXIC",
                "ntnNm": "미국",
                "indxNm": "나스닥 종합",
                "vlm": "2147483647",
                "hghPrc": "2364415",
                "cmpr": "-48609"
            },
            {
                "nowPrc": "2543570",
                "dt": "20251104",
                "opnPrc": "2558034",
                "tm": "9999",
                "cmprr": "-207",
                "lwPrc": "2541562",
                "indxCd": "NAS@NDX",
                "ntnNm": "미국",
                "indxNm": "나스닥 100",
                "vlm": "1386188347",
                "hghPrc": "2576223",
                "cmpr": "-53724"
            },
            {
                "nowPrc": "2547325",
                "dt": "20251104",
                "opnPrc": "2554500",
                "tm": "2226",
                "cmprr": "-040",
                "lwPrc": "2528200",
                "indxCd": "CME@NQ",
                "ntnNm": "미국",
                "indxNm": "E-Mini 나스닥100",
                "vlm": "81028",
                "hghPrc": "2557425",
                "cmpr": "-10200"
            },
            {
                "nowPrc": "677155",
                "dt": "20251104",
                "opnPrc": "678852",
                "tm": "9999",
                "cmprr": "-117",
                "lwPrc": "676671",
                "indxCd": "SPI@SPX",
                "ntnNm": "미국",
                "indxNm": "S&P 500",
                "vlm": "2147483647",
                "hghPrc": "682021",
                "cmpr": "-8042"
            },
            {
                "nowPrc": "678775",
                "dt": "20251104",
                "opnPrc": "680100",
                "tm": "2226",
                "cmprr": "-021",
                "lwPrc": "674850",
                "indxCd": "CME@ES",
                "ntnNm": "미국",
                "indxNm": "E-Mini S&P 500",
                "vlm": "119569",
                "hghPrc": "680650",
                "cmpr": "-1400"
            },
            {
                "nowPrc": "341599",
                "dt": "20251104",
                "opnPrc": "342427",
                "tm": "9999",
                "cmprr": "-127",
                "lwPrc": "341312",
                "indxCd": "SPI@SPOEX",
                "ntnNm": "미국",
                "indxNm": "S&P 100",
                "vlm": "1703343700",
                "hghPrc": "344363",
                "cmpr": "-4404"
            },
            {
                "nowPrc": "697957",
                "dt": "20251104",
                "opnPrc": "707445",
                "tm": "9999",
                "cmprr": "-401",
                "lwPrc": "697237",
                "indxCd": "NAS@SOX",
                "ntnNm": "미국",
                "indxNm": "필라델피아 반도체",
                "vlm": "0",
                "hghPrc": "719059",
                "cmpr": "-29140"
            },
            {
                "nowPrc": "143982",
                "dt": "20251104",
                "opnPrc": "140089",
                "tm": "9999",
                "cmprr": "208",
                "lwPrc": "139508",
                "indxCd": "DJI@DJUSTK",
                "ntnNm": "미국",
                "indxNm": "다우 육상운송",
                "vlm": "9644880",
                "hghPrc": "144131",
                "cmpr": "2927"
            },
            {
                "nowPrc": "1590030",
                "dt": "20251104",
                "opnPrc": "1571415",
                "tm": "9999",
                "cmprr": "050",
                "lwPrc": "1567953",
                "indxCd": "DJI@DJT",
                "ntnNm": "미국",
                "indxNm": "다우 운송(Averages)",
                "vlm": "177190064",
                "hghPrc": "1593488",
                "cmpr": "7918"
            },
            {
                "nowPrc": "4987722",
                "dt": "20251105",
                "opnPrc": "5129139",
                "tm": "1321",
                "cmprr": "-315",
                "lwPrc": "4907358",
                "indxCd": "NII@NI225",
                "ntnNm": "일본",
                "indxNm": "니케이 225",
                "vlm": "1295653700",
                "hghPrc": "5142242",
                "cmpr": "-161998"
            },
            {
                "nowPrc": "326036",
                "dt": "20251105",
                "opnPrc": "330006",
                "tm": "1336",
                "cmprr": "-150",
                "lwPrc": "320008",
                "indxCd": "TSE@TSI01",
                "ntnNm": "일본",
                "indxNm": "TOPIX 1부",
                "vlm": "2147483647",
                "hghPrc": "330320",
                "cmpr": "-4978"
            },
            {
                "nowPrc": "2587880",
                "dt": "20251105",
                "opnPrc": "2570163",
                "tm": "1205",
                "cmprr": "-028",
                "lwPrc": "2549613",
                "indxCd": "HSI@HSI",
                "ntnNm": "홍콩",
                "indxNm": "항셍",
                "vlm": "1477076850",
                "hghPrc": "2588391",
                "cmpr": "-7360"
            },
            {
                "nowPrc": "914441",
                "dt": "20251105",
                "opnPrc": "907510",
                "tm": "1200",
                "cmprr": "-031",
                "lwPrc": "900650",
                "indxCd": "HSI@HSCE",
                "ntnNm": "홍콩",
                "indxNm": "항셍 H",
                "vlm": "1230045807",
                "hghPrc": "914764",
                "cmpr": "-2880"
            },
            {
                "nowPrc": "25918",
                "dt": "20251105",
                "opnPrc": "25936",
                "tm": "1130",
                "cmprr": "-020",
                "lwPrc": "25834",
                "indxCd": "SHS@000003",
                "ntnNm": "중국",
                "indxNm": "상해 B",
                "vlm": "163877",
                "hghPrc": "25965",
                "cmpr": "-051"
            },
            {
                "nowPrc": "415401",
                "dt": "20251105",
                "opnPrc": "411257",
                "tm": "1130",
                "cmprr": "005",
                "lwPrc": "411257",
                "indxCd": "SHS@000002",
                "ntnNm": "중국",
                "indxNm": "상해 A",
                "vlm": "385900509",
                "hghPrc": "415704",
                "cmpr": "197"
            },
            {
                "nowPrc": "396204",
                "dt": "20251105",
                "opnPrc": "392258",
                "tm": "1130",
                "cmprr": "005",
                "lwPrc": "392258",
                "indxCd": "SHS@000001",
                "ntnNm": "중국",
                "indxNm": "상해종합",
                "vlm": "386105207",
                "hghPrc": "396492",
                "cmpr": "185"
            },
            {
                "nowPrc": "130596",
                "dt": "20251105",
                "opnPrc": "130647",
                "tm": "1129",
                "cmprr": "-006",
                "lwPrc": "130317",
                "indxCd": "SZS@399108",
                "ntnNm": "중국",
                "indxNm": "심천 B",
                "vlm": "8754392",
                "hghPrc": "130709",
                "cmpr": "-084"
            },
            {
                "nowPrc": "260254",
                "dt": "20251105",
                "opnPrc": "256518",
                "tm": "1130",
                "cmprr": "003",
                "lwPrc": "256466",
                "indxCd": "SZS@399107",
                "ntnNm": "중국",
                "indxNm": "심천 A",
                "vlm": "2147483647",
                "hghPrc": "260444",
                "cmpr": "078"
            },
            {
                "nowPrc": "248752",
                "dt": "20251105",
                "opnPrc": "245186",
                "tm": "1130",
                "cmprr": "003",
                "lwPrc": "245136",
                "indxCd": "SZS@399106",
                "ntnNm": "중국",
                "indxNm": "심천 종합",
                "vlm": "2147483647",
                "hghPrc": "248934",
                "cmpr": "074"
            },
            {
                "nowPrc": "461533",
                "dt": "20251105",
                "opnPrc": "456211",
                "tm": "1130",
                "cmprr": "-007",
                "lwPrc": "455885",
                "indxCd": "SZS@399300",
                "ntnNm": "중국",
                "indxNm": "후선 300",
                "vlm": "2147483647",
                "hghPrc": "462022",
                "cmpr": "-336"
            },
            {
                "nowPrc": "15070420",
                "dt": "20251104",
                "opnPrc": "15045348",
                "tm": "",
                "cmprr": "017",
                "lwPrc": "14997879",
                "indxCd": "BRI@BVSP",
                "ntnNm": "브라질",
                "indxNm": "브라질BOVESPA",
                "vlm": "0",
                "hghPrc": "15088755",
                "cmpr": "24996"
            },
            {
                "nowPrc": "909819",
                "dt": "20251104",
                "opnPrc": "916650",
                "tm": "",
                "cmprr": "-092",
                "lwPrc": "908560",
                "indxCd": "AUI@AORD",
                "ntnNm": "호주",
                "indxNm": "호주ALLORDS",
                "vlm": "0",
                "hghPrc": "917380",
                "cmpr": "-8431"
            },
            {
                "nowPrc": "2394911",
                "dt": "20251104",
                "opnPrc": "2380124",
                "tm": "9999",
                "cmprr": "-076",
                "lwPrc": "2367465",
                "indxCd": "XTR@DAX30",
                "ntnNm": "독일",
                "indxNm": "독일 DAX30",
                "vlm": "0",
                "hghPrc": "2397431",
                "cmpr": "-18330"
            },
            {
                "nowPrc": "2777813",
                "dt": "20251105",
                "opnPrc": "2778591",
                "tm": "1216",
                "cmprr": "-120",
                "lwPrc": "2737305",
                "indxCd": "TWS@TI01",
                "ntnNm": "대만",
                "indxNm": "대만 가권",
                "vlm": "0",
                "hghPrc": "2779909",
                "cmpr": "-33843"
            },
            {
                "nowPrc": "1091410",
                "dt": "20251104",
                "opnPrc": "1104993",
                "tm": "",
                "cmprr": "-132",
                "lwPrc": "1087184",
                "indxCd": "TRI@ISE100",
                "ntnNm": "터키",
                "indxNm": "터키ISE100",
                "vlm": "0",
                "hghPrc": "1108334",
                "cmpr": "-14629"
            },
            {
                "nowPrc": "129860",
                "dt": "20251104",
                "opnPrc": "130619",
                "tm": "",
                "cmprr": "-078",
                "lwPrc": "129603",
                "indxCd": "THI@SET",
                "ntnNm": "태국",
                "indxNm": "태국SET",
                "vlm": "0",
                "hghPrc": "131340",
                "cmpr": "-1026"
            },
            {
                "nowPrc": "442272",
                "dt": "20251104",
                "opnPrc": "444714",
                "tm": "",
                "cmprr": "-049",
                "lwPrc": "441398",
                "indxCd": "SGI@STI",
                "ntnNm": "싱가폴",
                "indxNm": "싱가폴STI",
                "vlm": "0",
                "hghPrc": "445041",
                "cmpr": "-2161"
            },
            {
                "nowPrc": "971496",
                "dt": "20251104",
                "opnPrc": "970140",
                "tm": "9999",
                "cmprr": "014",
                "lwPrc": "957415",
                "indxCd": "LNS@FTSE100",
                "ntnNm": "영국",
                "indxNm": "영국 FTSE100",
                "vlm": "0",
                "hghPrc": "971496",
                "cmpr": "1359"
            },
            {
                "nowPrc": "8345915",
                "dt": "20251104",
                "opnPrc": "8400064",
                "tm": "",
                "cmprr": "-062",
                "lwPrc": "8341277",
                "indxCd": "INI@BSE30",
                "ntnNm": "인도",
                "indxNm": "인도SENSEX",
                "vlm": "0",
                "hghPrc": "8406801",
                "cmpr": "-51934"
            },
            {
                "nowPrc": "1212210",
                "dt": "20251104",
                "opnPrc": "1199811",
                "tm": "",
                "cmprr": "104",
                "lwPrc": "1192100",
                "indxCd": "IEI@ISEQ",
                "ntnNm": "아일랜드",
                "indxNm": "아일랜드ISEQ",
                "vlm": "0",
                "hghPrc": "1212210",
                "cmpr": "12424"
            },
            {
                "nowPrc": "10802949",
                "dt": "20251104",
                "opnPrc": "10776462",
                "tm": "",
                "cmprr": "025",
                "lwPrc": "10654967",
                "indxCd": "HUI@BUX",
                "ntnNm": "헝가리",
                "indxNm": "헝가리BUX",
                "vlm": "0",
                "hghPrc": "10802949",
                "cmpr": "26559"
            },
            {
                "nowPrc": "824191",
                "dt": "20251104",
                "opnPrc": "827595",
                "tm": "",
                "cmprr": "-040",
                "lwPrc": "822591",
                "indxCd": "IDI@JKSE",
                "ntnNm": "인도네시아",
                "indxNm": "인도네시아IDX종합",
                "vlm": "0",
                "hghPrc": "831708",
                "cmpr": "-3317"
            },
            {
                "nowPrc": "566020",
                "dt": "20251104",
                "opnPrc": "564620",
                "tm": "",
                "cmprr": "-034",
                "lwPrc": "557721",
                "indxCd": "DJI@STOXX50E",
                "ntnNm": "유로존",
                "indxNm": "유로스톡스50",
                "vlm": "0",
                "hghPrc": "566061",
                "cmpr": "-1905"
            },
            {
                "nowPrc": "23442",
                "dt": "20251104",
                "opnPrc": "23323",
                "tm": "",
                "cmprr": "030",
                "lwPrc": "23002",
                "indxCd": "STX@SX7E",
                "ntnNm": "유로존",
                "indxNm": "유로스톡스뱅크스",
                "vlm": "0",
                "hghPrc": "23442",
                "cmpr": "069"
            },
            {
                "nowPrc": "165198",
                "dt": "20251104",
                "opnPrc": "161700",
                "tm": "",
                "cmprr": "216",
                "lwPrc": "160056",
                "indxCd": "VNI@VIDX",
                "ntnNm": "베트남",
                "indxNm": "베트남호치민",
                "vlm": "0",
                "hghPrc": "165893",
                "cmpr": "3498"
            }
        ]
    },
    "message": "OK",
    "status": "200"
}