{
    "stockMarketData": {
        "description": "주식시장 버튼 클릭 시 호출되는 3개 API 응답 데이터",
        "apis": [
            {
                "name": "실시간 차트 (시간별)",
                "requestMenu": "주식시장",
                "requestUrl": "/ajax/getChatBotCospiCosdaqChart.json",
                "payload": {
                    "chartYn": "Y",
                    "dataStrtDt": "20251015",
                    "dyWkMmMTClsf": "T",
                    "isCd": "",
                    "mktClsf": "5",
                    "mnTkIndx": "",
                    "period": "1",
                    "rqsDataKey": "5"
                },
                "response": {
                    "response": {
                        "nxtKey1": null,
                        "nxtKey2": null,
                        "chartUrl": "/chartImgFiles/202510/chart_KGG01P_1_20251015094201841.png",
                        "nxtKey3": null,
                        "nxtKey4": null,
                        "record1": [
                            {
                                "dt": "20251015",
                                "opnPrc": "360257",
                                "tm": "94200",
                                "bDyCmprClsf": "2",
                                "lwPrc": "360257",
                                "bDyCmprR": "114",
                                "dlTwAmt": "5791000000",
                                "clsPrc": "360257",
                                "bDyCmpr": "4076",
                                "vlm": "593000",
                                "hghPrc": "360257"
                            },
                            {
                                "dt": "20251015",
                                "opnPrc": "360191",
                                "tm": "94150",
                                "bDyCmprClsf": "2",
                                "lwPrc": "360191",
                                "bDyCmprR": "113",
                                "dlTwAmt": "11863000000",
                                "clsPrc": "360191",
                                "bDyCmpr": "4010",
                                "vlm": "755000",
                                "hghPrc": "360191"
                            },
                            {
                                "dt": "20251015",
                                "opnPrc": "359989",
                                "tm": "94140",
                                "bDyCmprClsf": "2",
                                "lwPrc": "359989",
                                "bDyCmprR": "107",
                                "dlTwAmt": "6418000000",
                                "clsPrc": "359989",
                                "bDyCmpr": "3808",
                                "vlm": "705000",
                                "hghPrc": "359989"
                            },
                            {
                                "dt": "20251015",
                                "opnPrc": "359974",
                                "tm": "94130",
                                "bDyCmprClsf": "2",
                                "lwPrc": "359974",
                                "bDyCmprR": "106",
                                "dlTwAmt": "5671000000",
                                "clsPrc": "359974",
                                "bDyCmpr": "3793",
                                "vlm": "605000",
                                "hghPrc": "359974"
                            },
                            {
                                "dt": "20251015",
                                "opnPrc": "360109",
                                "tm": "94120",
                                "bDyCmprClsf": "2",
                                "lwPrc": "360109",
                                "bDyCmprR": "110",
                                "dlTwAmt": "5977000000",
                                "clsPrc": "360109",
                                "bDyCmpr": "3928",
                                "vlm": "1232000",
                                "hghPrc": "360109"
                            }
                        ],
                        "mnTkIndx": "1",
                        "mktClsf": "5",
                        "nxtCnt": null
                    },
                    "message": "OK",
                    "status": "200"
                }
            },
            {
                "name": "일별 차트 데이터",
                "requestMenu": "주식시장",
                "requestUrl": "/ajax/getChatBotCospiCosdaqChart.json",
                "payload": {
                    "chartYn": "",
                    "dataStrtDt": "20251015",
                    "dyWkMmMTClsf": "D",
                    "isCd": "KGG01P",
                    "mktClsf": "5",
                    "mnTkIndx": "",
                    "period": "1",
                    "rqsDataKey": "5"
                },
                "response": {
                    "response": {
                        "nxtKey1": null,
                        "nxtKey2": null,
                        "chartUrl": null,
                        "nxtKey3": null,
                        "nxtKey4": null,
                        "record1": [
                            {
                                "dt": "20251015",
                                "opnPrc": "358064",
                                "tm": "",
                                "bDyCmprClsf": "2",
                                "lwPrc": "357706",
                                "bDyCmprR": "114",
                                "dlTwAmt": "342795",
                                "clsPrc": "360257",
                                "bDyCmpr": "4076",
                                "vlm": "155428",
                                "hghPrc": "360753"
                            },
                            {
                                "dt": "20251014",
                                "opnPrc": "360412",
                                "tm": "",
                                "bDyCmprClsf": "5",
                                "lwPrc": "353552",
                                "bDyCmprR": "63",
                                "dlTwAmt": "1892640",
                                "clsPrc": "356181",
                                "bDyCmpr": "2274",
                                "vlm": "734085",
                                "hghPrc": "364677"
                            },
                            {
                                "dt": "20251013",
                                "opnPrc": "355008",
                                "tm": "",
                                "bDyCmprClsf": "5",
                                "lwPrc": "352254",
                                "bDyCmprR": "72",
                                "dlTwAmt": "1427086",
                                "clsPrc": "358455",
                                "bDyCmpr": "2605",
                                "vlm": "408033",
                                "hghPrc": "358455"
                            },
                            {
                                "dt": "20251010",
                                "opnPrc": "359811",
                                "tm": "",
                                "bDyCmprClsf": "2",
                                "lwPrc": "356944",
                                "bDyCmprR": "173",
                                "dlTwAmt": "1960084",
                                "clsPrc": "361060",
                                "bDyCmpr": "6139",
                                "vlm": "407411",
                                "hghPrc": "361786"
                            },
                            {
                                "dt": "20251002",
                                "opnPrc": "352548",
                                "tm": "",
                                "bDyCmprClsf": "2",
                                "lwPrc": "351216",
                                "bDyCmprR": "270",
                                "dlTwAmt": "1945612",
                                "clsPrc": "354921",
                                "bDyCmpr": "9338",
                                "vlm": "402107",
                                "hghPrc": "356596"
                            }
                        ],
                        "mnTkIndx": "1",
                        "mktClsf": "5",
                        "nxtCnt": null
                    },
                    "message": "OK",
                    "status": "200"
                }
            },
            {
                "name": "매매동향 데이터",
                "requestMenu": "주식시장",
                "requestUrl": "/ajax/getChatBotCospiCosdaqChart.json",
                "payload": {
                    "mktClsf": "1",
                    "indTypCd": "KGG01P",
                    "amtQClsf": "1",
                    "inqCnt": "1"
                },
                "response": {
                    "response": {
                        "record1": [
                            {
                                "invstTrustCmpny": "178",
                                "fndSbtrtNtm": "236",
                                "tm": "094200",
                                "invstBnkCrdtVlt": "-1",
                                "insrCmpny": "5",
                                "scrtCmpny": "264",
                                "etcCorp": "139",
                                "fgnr": "-103",
                                "bnk": "-11",
                                "ogn": "934",
                                "clsPrcIndxP2": "  3602.57",
                                "prvOFnd": "262",
                                "indv": "-995",
                                "ntnLcltGroup": "0"
                            }
                        ],
                        "mktClsf": null
                    },
                    "message": "OK",
                    "status": "200"
                }
            }
        ]
    }
}

