{
  "version": "1.0",
  "description": "KB증권 리봇 인덴트 관리 규칙 예시",
  "exportedAt": "2025-01-15T00:00:00Z",
  "rules": [
    {
      "id": "stock_minute_chart",
      "name": "분봉 차트 조회",
      "description": "분봉 관련 키워드 감지하여 분봉 차트 표시",
      "keywords": ["분봉", "단기차트", "실시간차트", "분봉차트"],
      "priority": 1,
      "action": {
        "type": "function_call",
        "function": "loadStockMarketMinuteData",
        "params": {},
        "message": "분봉 차트를 분석해드리겠습니다.",
        "serviceName": "주식시장 분봉"
      },
      "enabled": true,
      "createdAt": "2025-01-15T00:00:00Z",
      "updatedAt": "2025-01-15T00:00:00Z"
    },
    {
      "id": "stock_kospi",
      "name": "코스피 조회",
      "description": "코스피 관련 키워드 감지하여 코스피 정보 표시",
      "keywords": ["코스피", "kospi", "KOSPI", "대형주", "KOSPI200"],
      "priority": 1,
      "action": {
        "type": "function_call",
        "function": "loadStockMarketDataByType",
        "params": {
          "serviceType": "주식시장 코스피",
          "buttonText": "코스피"
        },
        "message": "코스피 지수 현황을 분석해드리겠습니다.",
        "serviceName": "주식시장 코스피"
      },
      "enabled": true,
      "createdAt": "2025-01-15T00:00:00Z",
      "updatedAt": "2025-01-15T00:00:00Z"
    },
    {
      "id": "stock_kosdaq",
      "name": "코스닥 조회",
      "description": "코스닥 관련 키워드 감지하여 코스닥 정보 표시",
      "keywords": ["코스닥", "kosdaq", "KOSDAQ", "중소형주", "KOSDAQ150"],
      "priority": 1,
      "action": {
        "type": "function_call",
        "function": "loadStockMarketDataByType",
        "params": {
          "serviceType": "주식시장 코스닥",
          "buttonText": "코스닥"
        },
        "message": "코스닥 지수 현황을 분석해드리겠습니다.",
        "serviceName": "주식시장 코스닥"
      },
      "enabled": true,
      "createdAt": "2025-01-15T00:00:00Z",
      "updatedAt": "2025-01-15T00:00:00Z"
    },
    {
      "id": "stock_period_3m",
      "name": "3개월 차트 조회",
      "description": "3개월 기간 관련 키워드 감지",
      "keywords": ["3개월", "3월", "중기", "분기", "3개월차트"],
      "priority": 1,
      "action": {
        "type": "function_call",
        "function": "loadStockMarketDataByType",
        "params": {
          "serviceType": "주식시장 3개월",
          "buttonText": "3개월"
        },
        "message": "3개월 차트를 분석해드리겠습니다.",
        "serviceName": "주식시장 3개월"
      },
      "enabled": true,
      "createdAt": "2025-01-15T00:00:00Z",
      "updatedAt": "2025-01-15T00:00:00Z"
    },
    {
      "id": "stock_period_6m",
      "name": "6개월 차트 조회",
      "description": "6개월 기간 관련 키워드 감지",
      "keywords": ["6개월", "6월", "반기", "6개월차트"],
      "priority": 1,
      "action": {
        "type": "function_call",
        "function": "loadStockMarketDataByType",
        "params": {
          "serviceType": "주식시장 6개월",
          "buttonText": "6개월"
        },
        "message": "6개월 차트를 분석해드리겠습니다.",
        "serviceName": "주식시장 6개월"
      },
      "enabled": true,
      "createdAt": "2025-01-15T00:00:00Z",
      "updatedAt": "2025-01-15T00:00:00Z"
    },
    {
      "id": "stock_period_1y",
      "name": "1년 차트 조회",
      "description": "1년 기간 관련 키워드 감지",
      "keywords": ["1년", "1년차트", "연간", "장기"],
      "priority": 1,
      "action": {
        "type": "function_call",
        "function": "loadStockMarketDataByType",
        "params": {
          "serviceType": "주식시장 1년",
          "buttonText": "1년"
        },
        "message": "1년 차트를 분석해드리겠습니다.",
        "serviceName": "주식시장 1년"
      },
      "enabled": true,
      "createdAt": "2025-01-15T00:00:00Z",
      "updatedAt": "2025-01-15T00:00:00Z"
    },
    {
      "id": "market_news",
      "name": "시장 뉴스 조회",
      "description": "뉴스 관련 키워드로 시장 뉴스 API 호출",
      "keywords": ["뉴스", "news", "시장뉴스", "주식뉴스", "시장동향"],
      "priority": 2,
      "action": {
        "type": "api_call",
        "url": "/ajax/getMarketNews.json",
        "method": "POST",
        "params": {
          "category": "market",
          "limit": 10,
          "type": "latest"
        },
        "message": "시장 뉴스를 조회하겠습니다.",
        "serviceName": "시장 뉴스"
      },
      "enabled": true,
      "createdAt": "2025-01-15T00:00:00Z",
      "updatedAt": "2025-01-15T00:00:00Z"
    },
    {
      "id": "stock_analysis",
      "name": "주식 분석 조회",
      "description": "주식 분석 관련 키워드로 분석 리포트 API 호출",
      "keywords": ["분석", "리포트", "투자분석", "기술분석", "펀더멘털"],
      "priority": 2,
      "action": {
        "type": "api_call",
        "url": "/ajax/getStockAnalysis.json",
        "method": "POST",
        "params": {
          "type": "technical",
          "period": "daily"
        },
        "message": "주식 분석 리포트를 조회하겠습니다.",
        "serviceName": "주식 분석"
      },
      "enabled": true,
      "createdAt": "2025-01-15T00:00:00Z",
      "updatedAt": "2025-01-15T00:00:00Z"
    },
    {
      "id": "foreign_trading",
      "name": "외국인 매매동향 조회",
      "description": "외국인 매매 관련 키워드로 외국인 매매동향 API 호출",
      "keywords": ["외국인", "외국인매매", "외국인동향", "외국인매수", "외국인매도"],
      "priority": 2,
      "action": {
        "type": "api_call",
        "url": "/ajax/getForeignTrading.json",
        "method": "POST",
        "params": {
          "period": "daily",
          "market": "all"
        },
        "message": "외국인 매매동향을 조회하겠습니다.",
        "serviceName": "외국인 매매동향"
      },
      "enabled": true,
      "createdAt": "2025-01-15T00:00:00Z",
      "updatedAt": "2025-01-15T00:00:00Z"
    },
    {
      "id": "institution_trading",
      "name": "기관 매매동향 조회",
      "description": "기관 매매 관련 키워드로 기관 매매동향 API 호출",
      "keywords": ["기관", "기관매매", "기관동향", "기관매수", "기관매도"],
      "priority": 2,
      "action": {
        "type": "api_call",
        "url": "/ajax/getInstitutionTrading.json",
        "method": "POST",
        "params": {
          "period": "daily",
          "market": "all"
        },
        "message": "기관 매매동향을 조회하겠습니다.",
        "serviceName": "기관 매매동향"
      },
      "enabled": true,
      "createdAt": "2025-01-15T00:00:00Z",
      "updatedAt": "2025-01-15T00:00:00Z"
    },
    {
      "id": "individual_trading",
      "name": "개인 매매동향 조회",
      "description": "개인 매매 관련 키워드로 개인 매매동향 API 호출",
      "keywords": ["개인", "개인매매", "개인동향", "개인매수", "개인매도"],
      "priority": 2,
      "action": {
        "type": "api_call",
        "url": "/ajax/getIndividualTrading.json",
        "method": "POST",
        "params": {
          "period": "daily",
          "market": "all"
        },
        "message": "개인 매매동향을 조회하겠습니다.",
        "serviceName": "개인 매매동향"
      },
      "enabled": true,
      "createdAt": "2025-01-15T00:00:00Z",
      "updatedAt": "2025-01-15T00:00:00Z"
    },
    {
      "id": "redirect_to_homepage",
      "name": "홈페이지 리다이렉트",
      "description": "홈페이지 관련 키워드로 메인 페이지로 이동",
      "keywords": ["홈페이지", "메인", "홈", "메인페이지"],
      "priority": 3,
      "action": {
        "type": "redirect",
        "url": "/",
        "target": "_self",
        "message": "홈페이지로 이동하겠습니다."
      },
      "enabled": false,
      "createdAt": "2025-01-15T00:00:00Z",
      "updatedAt": "2025-01-15T00:00:00Z"
    },
    {
      "id": "custom_alert",
      "name": "커스텀 알림",
      "description": "특정 키워드로 커스텀 알림 표시",
      "keywords": ["알림", "공지", "안내"],
      "priority": 3,
      "action": {
        "type": "custom",
        "customLogic": "alert('커스텀 알림이 실행되었습니다!');",
        "message": "커스텀 알림을 실행하겠습니다."
      },
      "enabled": false,
      "createdAt": "2025-01-15T00:00:00Z",
      "updatedAt": "2025-01-15T00:00:00Z"
    }
  ]
}
